CREATE DATABASE IF NOT EXISTS auth_db;
USE auth_db;

SET NAMES utf8;
SET time_zone = '+00:00';
SET foreign_key_checks = 0;
SET sql_mode = 'NO_AUTO_VALUE_ON_ZERO';

SET NAMES utf8mb4;

DROP TABLE IF EXISTS `roles`;
CREATE TABLE `roles` (
  `id` int NOT NULL AUTO_INCREMENT,
  `description` varchar(150) NOT NULL,
  `name` varchar(40) NOT NULL,
  PRIMARY KEY (`id`),
  UNIQUE KEY `UK_ofx66keruapi6vyqpv6f2or37` (`name`)
) ENGINE=InnoDB DEFAULT CHARSET=utf8mb4 COLLATE=utf8mb4_0900_ai_ci;

INSERT INTO `roles` (`id`, `description`, `name`) VALUES
(1,	'Students who are currently studies at the university',	'ROLE_STUDENT'),
(2,	'Students who are completed studies at the university',	'ROLE_GRADUATE');

DROP TABLE IF EXISTS `student`;
CREATE TABLE `student` (
  `id` varchar(255) NOT NULL,
  `full_name` varchar(45) NOT NULL,
  `password` varchar(64) NOT NULL,
  `photos` varchar(64) DEFAULT NULL,
  PRIMARY KEY (`id`)
) ENGINE=InnoDB DEFAULT CHARSET=utf8mb4 COLLATE=utf8mb4_0900_ai_ci;

INSERT INTO `student` (`id`, `full_name`, `password`, `photos`) VALUES
('21023911',	'La Minh Tâm',	'$2a$10$d.kRHxGIsH1aULbZg8g85Oj/1pfyDGy6YJ8RL8wdWu4XiwdX1PySO',	'https://source.unsplash.com/random'),
('21082081',	'Võ Đình Thông',	'$2a$10$d.kRHxGIsH1aULbZg8g85Oj/1pfyDGy6YJ8RL8wdWu4XiwdX1PySO',	'https://source.unsplash.com/random');

DROP TABLE IF EXISTS `students_roles`;
CREATE TABLE `students_roles` (
  `student_id` varchar(255) NOT NULL,
  `role_id` int NOT NULL,
  PRIMARY KEY (`student_id`,`role_id`),
  KEY `FKex4y7c8r6jlhd5pnt3e9skepe` (`role_id`),
  CONSTRAINT `FKex4y7c8r6jlhd5pnt3e9skepe` FOREIGN KEY (`role_id`) REFERENCES `roles` (`id`),
  CONSTRAINT `FKnp5xtnpjwsyd3vll8j9s3ontw` FOREIGN KEY (`student_id`) REFERENCES `student` (`id`)
) ENGINE=InnoDB DEFAULT CHARSET=utf8mb4 COLLATE=utf8mb4_0900_ai_ci;

INSERT INTO `students_roles` (`student_id`, `role_id`) VALUES
('21023911',	1),
('21082081',	1);

CREATE DATABASE `faculty_db` /*!40100 DEFAULT CHARACTER SET utf8mb4 COLLATE utf8mb4_0900_ai_ci */ /*!80016 DEFAULT ENCRYPTION='N' */;
USE `faculty_db`;

DROP TABLE IF EXISTS `courses`;
CREATE TABLE `courses` (
  `id` varchar(255) NOT NULL,
  `credit` int NOT NULL,
  `name` varchar(255) DEFAULT NULL,
  `practical_credit` int NOT NULL,
  `theory_credit` int NOT NULL,
  PRIMARY KEY (`id`)
) ENGINE=InnoDB DEFAULT CHARSET=utf8mb4 COLLATE=utf8mb4_0900_ai_ci;

INSERT INTO `courses` (`id`, `credit`, `name`, `practical_credit`, `theory_credit`) VALUES
('4203002009',	2,	'Nhập môn Tin học',	0,	2),
('4203003192',	2,	'Kỹ năng làm việc nhóm',	0,	2),
('4203003242',	4,	'Giáo dục Quốc phòng và An ninh 1 ',	0,	4),
('4203003259',	2,	'Toán cao cấp 1',	0,	2),
('4203003307',	2,	'Giáo dục thể chất 1 ',	2,	0),
('4203003848',	2,	'Nhập môn Lập trình',	2,	0),
('4203014164',	3,	'Triết học Mác - Lênin',	0,	3);

DROP TABLE IF EXISTS `faculties`;
CREATE TABLE `faculties` (
  `id` int NOT NULL AUTO_INCREMENT,
  `name` varchar(255) DEFAULT NULL,
  PRIMARY KEY (`id`)
) ENGINE=InnoDB DEFAULT CHARSET=utf8mb4 COLLATE=utf8mb4_0900_ai_ci;

INSERT INTO `faculties` (`id`, `name`) VALUES
(1,	'Khoa Công nghệ Thông tin');

DROP TABLE IF EXISTS `major_course_year`;
CREATE TABLE `major_course_year` (
  `academic_year` int NOT NULL,
  `major_id` int NOT NULL,
  `course_id` varchar(255) NOT NULL,
  `semester` int NOT NULL,
  `type` tinyint DEFAULT NULL,
  PRIMARY KEY (`academic_year`,`course_id`,`major_id`),
  KEY `FKmv54wlxctyuhw8imbdmyq1nra` (`major_id`),
  KEY `FKp0kba12vrp9o7q1pycftijcp0` (`course_id`),
  CONSTRAINT `FKmv54wlxctyuhw8imbdmyq1nra` FOREIGN KEY (`major_id`) REFERENCES `majors` (`id`),
  CONSTRAINT `FKp0kba12vrp9o7q1pycftijcp0` FOREIGN KEY (`course_id`) REFERENCES `courses` (`id`),
  CONSTRAINT `major_course_year_chk_1` CHECK ((`type` between 0 and 1))
) ENGINE=InnoDB DEFAULT CHARSET=utf8mb4 COLLATE=utf8mb4_0900_ai_ci;

INSERT INTO `major_course_year` (`academic_year`, `major_id`, `course_id`, `semester`, `type`) VALUES
(2021,	1,	'4203002009',	1,	1),
(2021,	1,	'4203003192',	1,	1),
(2021,	1,	'4203003242',	1,	1),
(2021,	1,	'4203003259',	1,	1),
(2021,	1,	'4203003307',	1,	1),
(2021,	1,	'4203003848',	1,	1),
(2021,	1,	'4203014164',	1,	1);

DROP TABLE IF EXISTS `majors`;
CREATE TABLE `majors` (
  `id` int NOT NULL AUTO_INCREMENT,
  `name` varchar(255) DEFAULT NULL,
  `faculty_id` int DEFAULT NULL,
  PRIMARY KEY (`id`),
  KEY `FKitqtm0b9li7x2h872rumqnqol` (`faculty_id`),
  CONSTRAINT `FKitqtm0b9li7x2h872rumqnqol` FOREIGN KEY (`faculty_id`) REFERENCES `faculties` (`id`)
) ENGINE=InnoDB DEFAULT CHARSET=utf8mb4 COLLATE=utf8mb4_0900_ai_ci;

INSERT INTO `majors` (`id`, `name`, `faculty_id`) VALUES
(1,	'Kỹ thuật phần mềm',	1),
(2,	'Khoa học máy tính',	1),
(3,	'Khoa học dữ liệu',	1),
(4,	'Hệ thống thông tin',	1),
(5,	'Công nghệ thông tin',	1);

DROP TABLE IF EXISTS `prerequisites`;
CREATE TABLE `prerequisites` (
  `course_id` varchar(255) NOT NULL,
  `prerequisite_course_id` varchar(255) NOT NULL,
  PRIMARY KEY (`course_id`,`prerequisite_course_id`),
  KEY `FKit1tn8d8y7wetc79w6isf7mhd` (`prerequisite_course_id`),
  CONSTRAINT `FK6c5rl8wmbsy9eknf0j4bgj5fr` FOREIGN KEY (`course_id`) REFERENCES `courses` (`id`),
  CONSTRAINT `FKit1tn8d8y7wetc79w6isf7mhd` FOREIGN KEY (`prerequisite_course_id`) REFERENCES `courses` (`id`)
) ENGINE=InnoDB DEFAULT CHARSET=utf8mb4 COLLATE=utf8mb4_0900_ai_ci;


DROP TABLE IF EXISTS `students`;
CREATE TABLE `students` (
  `id` varchar(255) NOT NULL,
  `name` varchar(255) DEFAULT NULL,
  `major_id` int DEFAULT NULL,
  `year` int NOT NULL,
  PRIMARY KEY (`id`),
  KEY `FKi04cc0278a1f49g0995mnuo63` (`major_id`),
  CONSTRAINT `FKi04cc0278a1f49g0995mnuo63` FOREIGN KEY (`major_id`) REFERENCES `majors` (`id`)
) ENGINE=InnoDB DEFAULT CHARSET=utf8mb4 COLLATE=utf8mb4_0900_ai_ci;

INSERT INTO `students` (`id`, `name`, `major_id`, `year`) VALUES
('21023911',	'La Minh Tâm',	1,	2021),
('21082081',	'Võ Đình Thông',	1,	2021);

CREATE DATABASE `enroll_db` /*!40100 DEFAULT CHARACTER SET utf8mb4 COLLATE utf8mb4_0900_ai_ci */ /*!80016 DEFAULT ENCRYPTION='N' */;
USE `enroll_db`;

DROP TABLE IF EXISTS `classes`;
CREATE TABLE `classes` (
  `id` varchar(255) NOT NULL,
  `course` varchar(255) DEFAULT NULL,
  `max_capacity` int NOT NULL,
  `semester` int NOT NULL,
  `status` enum('PLANNING','WAITING','OPENED','CLOSED') DEFAULT NULL,
  `year` int NOT NULL,
  PRIMARY KEY (`id`)
) ENGINE=InnoDB DEFAULT CHARSET=utf8mb4 COLLATE=utf8mb4_0900_ai_ci;

INSERT INTO `classes` (`id`, `course`, `max_capacity`, `semester`, `status`, `year`) VALUES
('420300066424201',	'4203000664',	70,	2,	'PLANNING',	2024),
('420300066424202',	'4203000664',	60,	2,	'WAITING',	2024),
('420300066424203',	'4203000664',	80,	2,	'PLANNING',	2024),
('420300086824201',	'4203000868',	60,	2,	'OPENED',	2024),
('420300086824202',	'4203000868',	70,	2,	'CLOSED',	2024),
('420300090124101',	'4203000901',	70,	1,	'OPENED',	2024),
('420300090124102',	'4203000901',	60,	1,	'PLANNING',	2024),
('420300090124103',	'4203000901',	70,	1,	'WAITING',	2024),
('420300090124104',	'4203000901',	70,	1,	'PLANNING',	2024),
('420300090824101',	'4203000908',	80,	1,	'WAITING',	2024),
('420300090824102',	'4203000908',	70,	1,	'PLANNING',	2024),
('420300090824103',	'4203000908',	60,	1,	'WAITING',	2024),
('420300090824104',	'4203000908',	70,	1,	'OPENED',	2024),
('420300094124201',	'4203000941',	60,	2,	'CLOSED',	2024),
('420300094224101',	'4203000942',	70,	1,	'CLOSED',	2024),
('420300094224102',	'4203000942',	80,	1,	'OPENED',	2024),
('420300100424201',	'4203001004',	70,	2,	'PLANNING',	2024),
('420300105824201',	'4203001058',	70,	2,	'PLANNING',	2024),
('420300107624201',	'4203001076',	70,	2,	'CLOSED',	2024),
('420300107624202',	'4203001076',	80,	2,	'WAITING',	2024),
('420300107624203',	'4203001076',	70,	2,	'WAITING',	2024),
('420300111124201',	'4203001111',	70,	2,	'OPENED',	2024),
('420300111124202',	'4203001111',	60,	2,	'WAITING',	2024),
('420300111124203',	'4203001111',	60,	2,	'PLANNING',	2024),
('420300114624101',	'4203001146',	70,	1,	'PLANNING',	2024),
('420300120724201',	'4203001207',	80,	2,	'WAITING',	2024),
('420300120724202',	'4203001207',	70,	2,	'CLOSED',	2024),
('420300136624201',	'4203001366',	70,	2,	'CLOSED',	2024),
('420300143224101',	'4203001432',	70,	1,	'CLOSED',	2024),
('420300154924201',	'4203001549',	70,	2,	'OPENED',	2024),
('420300200924101',	'4203002009',	2,	1,	'OPENED',	2024),
('420300200924102',	'4203002009',	80,	1,	'OPENED',	2024),
('420300203124201',	'4203002031',	60,	2,	'WAITING',	2024),
('420300203124202',	'4203002031',	80,	2,	'PLANNING',	2024),
('420300203124203',	'4203002031',	70,	2,	'OPENED',	2024),
('420300204424201',	'4203002044',	70,	2,	'OPENED',	2024),
('420300207024201',	'4203002070',	60,	2,	'PLANNING',	2024),
('420300207024202',	'4203002070',	80,	2,	'WAITING',	2024),
('420300213724201',	'4203002137',	60,	2,	'OPENED',	2024),
('420300213724202',	'4203002137',	80,	2,	'CLOSED',	2024),
('420300213724203',	'4203002137',	70,	2,	'OPENED',	2024),
('420300214524201',	'4203002145',	60,	2,	'WAITING',	2024),
('420300214624201',	'4203002146',	70,	2,	'CLOSED',	2024),
('420300214624202',	'4203002146',	70,	2,	'PLANNING',	2024),
('420300232924201',	'4203002329',	80,	2,	'CLOSED',	2024),
('420300232924202',	'4203002329',	60,	2,	'OPENED',	2024),
('420300232924203',	'4203002329',	80,	2,	'WAITING',	2024),
('420300233024201',	'4203002330',	80,	2,	'OPENED',	2024),
('420300233024202',	'4203002330',	70,	2,	'CLOSED',	2024),
('420300233024203',	'4203002330',	80,	2,	'CLOSED',	2024),
('420300233024204',	'4203002330',	60,	2,	'CLOSED',	2024),
('420300234924201',	'4203002349',	80,	2,	'OPENED',	2024),
('420300242224101',	'4203002422',	70,	1,	'OPENED',	2024),
('420300242224102',	'4203002422',	70,	1,	'CLOSED',	2024),
('420300242224103',	'4203002422',	60,	1,	'OPENED',	2024),
('420300242224104',	'4203002422',	80,	1,	'CLOSED',	2024),
('420300309824101',	'4203003098',	80,	1,	'CLOSED',	2024),
('420300309824102',	'4203003098',	70,	1,	'PLANNING',	2024),
('420300314724201',	'4203003147',	60,	2,	'WAITING',	2024),
('420300314724202',	'4203003147',	80,	2,	'OPENED',	2024),
('420300314724203',	'4203003147',	70,	2,	'WAITING',	2024),
('420300314724204',	'4203003147',	60,	2,	'PLANNING',	2024),
('420300319224101',	'4203003192',	80,	1,	'PLANNING',	2024),
('420300319324201',	'4203003193',	60,	2,	'PLANNING',	2024),
('420300319324202',	'4203003193',	70,	2,	'OPENED',	2024),
('420300319424101',	'4203003194',	80,	1,	'OPENED',	2024),
('420300319424102',	'4203003194',	80,	1,	'OPENED',	2024),
('420300319424103',	'4203003194',	80,	1,	'WAITING',	2024),
('420300319424104',	'4203003194',	60,	1,	'CLOSED',	2024),
('420300319524101',	'4203003195',	80,	1,	'CLOSED',	2024),
('420300319524102',	'4203003195',	60,	1,	'OPENED',	2024),
('420300319624101',	'4203003196',	80,	1,	'WAITING',	2024),
('420300319624102',	'4203003196',	70,	1,	'OPENED',	2024),
('420300319624103',	'4203003196',	70,	1,	'CLOSED',	2024),
('420300319624104',	'4203003196',	70,	1,	'CLOSED',	2024),
('420300319724101',	'4203003197',	80,	1,	'PLANNING',	2024),
('420300319824101',	'4203003198',	60,	1,	'PLANNING',	2024),
('420300319824102',	'4203003198',	60,	1,	'WAITING',	2024),
('420300319824103',	'4203003198',	80,	1,	'WAITING',	2024),
('420300319824104',	'4203003198',	70,	1,	'OPENED',	2024),
('420300320324101',	'4203003203',	80,	1,	'WAITING',	2024),
('420300320324102',	'4203003203',	60,	1,	'OPENED',	2024),
('420300320524101',	'4203003205',	80,	1,	'WAITING',	2024),
('420300320524102',	'4203003205',	60,	1,	'CLOSED',	2024),
('420300320524103',	'4203003205',	60,	1,	'WAITING',	2024),
('420300320624101',	'4203003206',	60,	1,	'WAITING',	2024),
('420300320624102',	'4203003206',	80,	1,	'OPENED',	2024),
('420300320624103',	'4203003206',	60,	1,	'CLOSED',	2024),
('420300320624104',	'4203003206',	70,	1,	'CLOSED',	2024),
('420300321724101',	'4203003217',	70,	1,	'OPENED',	2024),
('420300324024201',	'4203003240',	80,	2,	'PLANNING',	2024),
('420300324024202',	'4203003240',	70,	2,	'WAITING',	2024),
('420300324224101',	'4203003242',	80,	1,	'PLANNING',	2024),
('420300324524101',	'4203003245',	70,	1,	'WAITING',	2024),
('420300324524102',	'4203003245',	70,	1,	'WAITING',	2024),
('420300324524103',	'4203003245',	60,	1,	'OPENED',	2024),
('420300324524104',	'4203003245',	70,	1,	'WAITING',	2024),
('420300325924101',	'4203003259',	80,	1,	'OPENED',	2024),
('420300325924102',	'4203003259',	80,	1,	'PLANNING',	2024),
('420300328524101',	'4203003285',	60,	1,	'OPENED',	2024),
('420300328524102',	'4203003285',	80,	1,	'CLOSED',	2024),
('420300328824101',	'4203003288',	60,	1,	'OPENED',	2024),
('420300328824102',	'4203003288',	70,	1,	'CLOSED',	2024),
('420300330624201',	'4203003306',	70,	2,	'PLANNING',	2024),
('420300330624202',	'4203003306',	80,	2,	'CLOSED',	2024),
('420300330724101',	'4203003307',	60,	1,	'WAITING',	2024),
('420300330724102',	'4203003307',	80,	1,	'OPENED',	2024),
('420300330724103',	'4203003307',	70,	1,	'WAITING',	2024),
('420300330724104',	'4203003307',	60,	1,	'CLOSED',	2024),
('420300332024201',	'4203003320',	70,	2,	'CLOSED',	2024),
('420300332024202',	'4203003320',	70,	2,	'OPENED',	2024),
('420300332024203',	'4203003320',	70,	2,	'WAITING',	2024),
('420300332024204',	'4203003320',	70,	2,	'PLANNING',	2024),
('420300332524101',	'4203003325',	80,	1,	'WAITING',	2024),
('420300332524102',	'4203003325',	70,	1,	'PLANNING',	2024),
('420300332524103',	'4203003325',	60,	1,	'PLANNING',	2024),
('420300332524104',	'4203003325',	70,	1,	'PLANNING',	2024),
('420300334524201',	'4203003345',	60,	2,	'WAITING',	2024),
('420300334724201',	'4203003347',	60,	2,	'PLANNING',	2024),
('420300335424201',	'4203003354',	80,	2,	'PLANNING',	2024),
('420300335424202',	'4203003354',	70,	2,	'OPENED',	2024),
('420300339524201',	'4203003395',	70,	2,	'CLOSED',	2024),
('420300339524202',	'4203003395',	60,	2,	'WAITING',	2024),
('420300339524203',	'4203003395',	60,	2,	'PLANNING',	2024),
('420300343624201',	'4203003436',	60,	2,	'WAITING',	2024),
('420300343624202',	'4203003436',	80,	2,	'OPENED',	2024),
('420300343624203',	'4203003436',	60,	2,	'PLANNING',	2024),
('420300344224201',	'4203003442',	70,	2,	'PLANNING',	2024),
('420300344224202',	'4203003442',	80,	2,	'CLOSED',	2024),
('420300344224203',	'4203003442',	70,	2,	'CLOSED',	2024),
('420300344224204',	'4203003442',	80,	2,	'OPENED',	2024),
('420300344324201',	'4203003443',	60,	2,	'OPENED',	2024),
('420300344324202',	'4203003443',	60,	2,	'WAITING',	2024),
('420300344324203',	'4203003443',	60,	2,	'WAITING',	2024),
('420300345124201',	'4203003451',	60,	2,	'PLANNING',	2024),
('420300345124202',	'4203003451',	60,	2,	'CLOSED',	2024),
('420300345124203',	'4203003451',	60,	2,	'PLANNING',	2024),
('420300345124204',	'4203003451',	70,	2,	'WAITING',	2024),
('420300345324201',	'4203003453',	80,	2,	'OPENED',	2024),
('420300345324202',	'4203003453',	80,	2,	'WAITING',	2024),
('420300350124101',	'4203003501',	80,	1,	'PLANNING',	2024),
('420300350124102',	'4203003501',	80,	1,	'PLANNING',	2024),
('420300350124103',	'4203003501',	80,	1,	'PLANNING',	2024),
('420300350124104',	'4203003501',	70,	1,	'WAITING',	2024),
('420300359124101',	'4203003591',	60,	1,	'PLANNING',	2024),
('420300359124102',	'4203003591',	60,	1,	'OPENED',	2024),
('420300359224101',	'4203003592',	60,	1,	'CLOSED',	2024),
('420300359224102',	'4203003592',	60,	1,	'WAITING',	2024),
('420300362124101',	'4203003621',	80,	1,	'WAITING',	2024),
('420300375324201',	'4203003753',	80,	2,	'WAITING',	2024),
('420300375324202',	'4203003753',	60,	2,	'OPENED',	2024),
('420300375824201',	'4203003758',	80,	2,	'PLANNING',	2024),
('420300377324201',	'4203003773',	80,	2,	'WAITING',	2024),
('420300377324202',	'4203003773',	80,	2,	'WAITING',	2024),
('420300377424101',	'4203003774',	70,	1,	'PLANNING',	2024),
('420300377524201',	'4203003775',	70,	2,	'PLANNING',	2024),
('420300384824101',	'4203003848',	60,	1,	'WAITING',	2024),
('420300384824102',	'4203003848',	60,	1,	'PLANNING',	2024),
('420300384824103',	'4203003848',	60,	1,	'WAITING',	2024),
('420300384824104',	'4203003848',	70,	1,	'WAITING',	2024),
('420300405624201',	'4203004056',	70,	2,	'PLANNING',	2024),
('420300405624202',	'4203004056',	80,	2,	'OPENED',	2024),
('420300414724101',	'4203004147',	80,	1,	'OPENED',	2024),
('420300414724102',	'4203004147',	60,	1,	'OPENED',	2024),
('420300414724103',	'4203004147',	80,	1,	'OPENED',	2024),
('420300414724104',	'4203004147',	60,	1,	'WAITING',	2024),
('420300432324101',	'4203004323',	80,	1,	'WAITING',	2024),
('420300432324102',	'4203004323',	60,	1,	'OPENED',	2024),
('420300432324103',	'4203004323',	70,	1,	'CLOSED',	2024),
('420300432324104',	'4203004323',	60,	1,	'OPENED',	2024),
('420301066524101',	'4203010665',	60,	1,	'OPENED',	2024),
('420301066524102',	'4203010665',	70,	1,	'PLANNING',	2024),
('420301416424101',	'4203014164',	70,	1,	'PLANNING',	2024),
('420301416424102',	'4203014164',	60,	1,	'CLOSED',	2024),
('420301416424103',	'4203014164',	70,	1,	'OPENED',	2024),
('420301416424104',	'4203014164',	70,	1,	'OPENED',	2024),
('420301416524101',	'4203014165',	80,	1,	'PLANNING',	2024),
('420301416524102',	'4203014165',	60,	1,	'WAITING',	2024),
('420301416624201',	'4203014166',	80,	2,	'PLANNING',	2024),
('420301416624202',	'4203014166',	60,	2,	'CLOSED',	2024),
('420301416624203',	'4203014166',	70,	2,	'OPENED',	2024),
('420301416724101',	'4203014167',	60,	1,	'PLANNING',	2024),
('420301416824101',	'4203014168',	80,	1,	'OPENED',	2024),
('420301416824102',	'4203014168',	70,	1,	'OPENED',	2024),
('420301416924101',	'4203014169',	80,	1,	'CLOSED',	2024),
('420301416924102',	'4203014169',	80,	1,	'WAITING',	2024),
('420301416924103',	'4203014169',	70,	1,	'PLANNING',	2024),
('420301417024101',	'4203014170',	60,	1,	'WAITING',	2024),
('420301417024102',	'4203014170',	80,	1,	'CLOSED',	2024),
('420301417024103',	'4203014170',	60,	1,	'PLANNING',	2024),
('420301419324101',	'4203014193',	80,	1,	'OPENED',	2024),
('420301525324101',	'4203015253',	70,	1,	'OPENED',	2024),
('420301525424101',	'4203015254',	70,	1,	'WAITING',	2024),
('420301525424102',	'4203015254',	60,	1,	'WAITING',	2024);

DROP TABLE IF EXISTS `enrollments`;
CREATE TABLE `enrollments` (
  `registry_class` varchar(255) NOT NULL,
  `student_id` varchar(255) NOT NULL,
  `created_at` datetime(6) DEFAULT NULL,
  PRIMARY KEY (`registry_class`,`student_id`)
) ENGINE=InnoDB DEFAULT CHARSET=utf8mb4 COLLATE=utf8mb4_0900_ai_ci;

INSERT INTO `enrollments` (`registry_class`, `student_id`, `created_at`) VALUES
('420300200924101',	'21023911',	'2024-04-26 10:13:55.000000'),
('420300200924101',	'21082081',	'2024-04-26 10:15:39.000000');

DELIMITER //

CREATE PROCEDURE register_class (
    IN p_student_id VARCHAR(255),
    IN p_class_id VARCHAR(255),
    OUT p_status_code int
)
BEGIN
    DECLARE v_max_capacity INT;
    DECLARE v_current_students INT;
    DECLARE v_class_status ENUM('PLANNING','WAITING','OPENED','CLOSED');

    -- Start transaction
    START TRANSACTION;

    -- Get the maximum capacity and status of the class
    SELECT max_capacity, status INTO v_max_capacity, v_class_status FROM classes WHERE id = p_class_id FOR UPDATE;
    
    IF v_max_capacity IS NULL OR v_class_status IS NULL THEN
        SET p_status_code = 404; -- HTTP status code for not found
        COMMIT;
    END IF;

    -- Get the current number of students registered for the class
    -- Check if the class is full
    IF EXISTS (SELECT 1 FROM enrollments WHERE registry_class = p_class_id HAVING COUNT(*) >= v_max_capacity) THEN
        SET p_status_code = 409; -- HTTP status code for class is full
    ELSE
        -- Check if the student is already registered for the class
        IF EXISTS (SELECT 1 FROM enrollments WHERE student_id = p_student_id AND registry_class = p_class_id) THEN
            SET p_status_code = 400; -- HTTP status code for conflict (Student already registered)
        ELSE
            -- Check class status
            CASE v_class_status
                WHEN 'CLOSED' THEN
                    SET p_status_code = 423; -- HTTP status code for forbidden
                WHEN 'PLANNING' THEN
                    SET p_status_code = 425; -- HTTP status code for forbidden
                ELSE
                    -- Insert enrollment record
                    INSERT INTO enrollments (registry_class, student_id, created_at) VALUES (p_class_id, p_student_id, NOW());
                    SET p_status_code = 201; -- HTTP status code for created
            END CASE;
        END IF;
    END IF;

    -- Commit transaction
    COMMIT;
END//

DELIMITER ;