CREATE DATABASE IF NOT EXISTS auth_db;
USE auth_db;

SET NAMES utf8;
SET time_zone = '+00:00';
SET foreign_key_checks = 0;
SET sql_mode = 'NO_AUTO_VALUE_ON_ZERO';

SET NAMES utf8mb4;

DROP TABLE IF EXISTS `roles`;
CREATE TABLE `roles` (
  `id` int NOT NULL AUTO_INCREMENT,
  `description` varchar(150) NOT NULL,
  `name` varchar(40) NOT NULL,
  PRIMARY KEY (`id`),
  UNIQUE KEY `UK_ofx66keruapi6vyqpv6f2or37` (`name`)
) ENGINE=InnoDB DEFAULT CHARSET=utf8mb4 COLLATE=utf8mb4_0900_ai_ci;

INSERT INTO `roles` (`id`, `description`, `name`) VALUES
(1,	'Students who are currently studies at the university',	'ROLE_STUDENT'),
(2,	'Students who are completed studies at the university',	'ROLE_GRADUATE');

DROP TABLE IF EXISTS `student`;
CREATE TABLE `student` (
  `id` varchar(255) NOT NULL,
  `full_name` varchar(45) NOT NULL,
  `password` varchar(64) NOT NULL,
  `photos` varchar(64) DEFAULT NULL,
  PRIMARY KEY (`id`)
) ENGINE=InnoDB DEFAULT CHARSET=utf8mb4 COLLATE=utf8mb4_0900_ai_ci;

INSERT INTO `student` (`id`, `full_name`, `password`, `photos`) VALUES
('21023911',	'La Minh Tâm',	'$2a$10$d.kRHxGIsH1aULbZg8g85Oj/1pfyDGy6YJ8RL8wdWu4XiwdX1PySO',	'https://source.unsplash.com/random'),
('21082081',	'Võ Đình Thông',	'$2a$10$d.kRHxGIsH1aULbZg8g85Oj/1pfyDGy6YJ8RL8wdWu4XiwdX1PySO',	'https://source.unsplash.com/random');

DROP TABLE IF EXISTS `students_roles`;
CREATE TABLE `students_roles` (
  `student_id` varchar(255) NOT NULL,
  `role_id` int NOT NULL,
  PRIMARY KEY (`student_id`,`role_id`),
  KEY `FKex4y7c8r6jlhd5pnt3e9skepe` (`role_id`),
  CONSTRAINT `FKex4y7c8r6jlhd5pnt3e9skepe` FOREIGN KEY (`role_id`) REFERENCES `roles` (`id`),
  CONSTRAINT `FKnp5xtnpjwsyd3vll8j9s3ontw` FOREIGN KEY (`student_id`) REFERENCES `student` (`id`)
) ENGINE=InnoDB DEFAULT CHARSET=utf8mb4 COLLATE=utf8mb4_0900_ai_ci;

INSERT INTO `students_roles` (`student_id`, `role_id`) VALUES
('21023911',	1),
('21082081',	1);

CREATE DATABASE `faculty_db` /*!40100 DEFAULT CHARACTER SET utf8mb4 COLLATE utf8mb4_0900_ai_ci */ /*!80016 DEFAULT ENCRYPTION='N' */;
USE `faculty_db`;

DROP TABLE IF EXISTS `courses`;
CREATE TABLE `courses` (
  `id` varchar(255) NOT NULL,
  `credit` int NOT NULL,
  `name` varchar(255) DEFAULT NULL,
  `practical_credit` int NOT NULL,
  `theory_credit` int NOT NULL,
  PRIMARY KEY (`id`)
) ENGINE=InnoDB DEFAULT CHARSET=utf8mb4 COLLATE=utf8mb4_0900_ai_ci;

INSERT INTO `courses` (`id`, `credit`, `name`, `practical_credit`, `theory_credit`) VALUES
('4203002009',	2,	'Nhập môn Tin học',	0,	2),
('4203003192',	2,	'Kỹ năng làm việc nhóm',	0,	2),
('4203003242',	4,	'Giáo dục Quốc phòng và An ninh 1 ',	0,	4),
('4203003259',	2,	'Toán cao cấp 1',	0,	2),
('4203003307',	2,	'Giáo dục thể chất 1 ',	2,	0),
('4203003848',	2,	'Nhập môn Lập trình',	2,	0),
('4203014164',	3,	'Triết học Mác - Lênin',	0,	3);

DROP TABLE IF EXISTS `faculties`;
CREATE TABLE `faculties` (
  `id` int NOT NULL AUTO_INCREMENT,
  `name` varchar(255) DEFAULT NULL,
  PRIMARY KEY (`id`)
) ENGINE=InnoDB DEFAULT CHARSET=utf8mb4 COLLATE=utf8mb4_0900_ai_ci;

INSERT INTO `faculties` (`id`, `name`) VALUES
(1,	'Khoa Công nghệ Thông tin');

DROP TABLE IF EXISTS `major_course_year`;
CREATE TABLE `major_course_year` (
  `academic_year` int NOT NULL,
  `major_id` int NOT NULL,
  `course_id` varchar(255) NOT NULL,
  `semester` int NOT NULL,
  `type` tinyint DEFAULT NULL,
  PRIMARY KEY (`academic_year`,`course_id`,`major_id`),
  KEY `FKmv54wlxctyuhw8imbdmyq1nra` (`major_id`),
  KEY `FKp0kba12vrp9o7q1pycftijcp0` (`course_id`),
  CONSTRAINT `FKmv54wlxctyuhw8imbdmyq1nra` FOREIGN KEY (`major_id`) REFERENCES `majors` (`id`),
  CONSTRAINT `FKp0kba12vrp9o7q1pycftijcp0` FOREIGN KEY (`course_id`) REFERENCES `courses` (`id`),
  CONSTRAINT `major_course_year_chk_1` CHECK ((`type` between 0 and 1))
) ENGINE=InnoDB DEFAULT CHARSET=utf8mb4 COLLATE=utf8mb4_0900_ai_ci;

INSERT INTO `major_course_year` (`academic_year`, `major_id`, `course_id`, `semester`, `type`) VALUES
(2021,	1,	'4203002009',	1,	1),
(2021,	1,	'4203003192',	1,	1),
(2021,	1,	'4203003242',	1,	1),
(2021,	1,	'4203003259',	1,	1),
(2021,	1,	'4203003307',	1,	1),
(2021,	1,	'4203003848',	1,	1),
(2021,	1,	'4203014164',	1,	1);

DROP TABLE IF EXISTS `majors`;
CREATE TABLE `majors` (
  `id` int NOT NULL AUTO_INCREMENT,
  `name` varchar(255) DEFAULT NULL,
  `faculty_id` int DEFAULT NULL,
  PRIMARY KEY (`id`),
  KEY `FKitqtm0b9li7x2h872rumqnqol` (`faculty_id`),
  CONSTRAINT `FKitqtm0b9li7x2h872rumqnqol` FOREIGN KEY (`faculty_id`) REFERENCES `faculties` (`id`)
) ENGINE=InnoDB DEFAULT CHARSET=utf8mb4 COLLATE=utf8mb4_0900_ai_ci;

INSERT INTO `majors` (`id`, `name`, `faculty_id`) VALUES
(1,	'Kỹ thuật phần mềm',	1),
(2,	'Khoa học máy tính',	1),
(3,	'Khoa học dữ liệu',	1),
(4,	'Hệ thống thông tin',	1),
(5,	'Công nghệ thông tin',	1);

DROP TABLE IF EXISTS `prerequisites`;
CREATE TABLE `prerequisites` (
  `course_id` varchar(255) NOT NULL,
  `prerequisite_course_id` varchar(255) NOT NULL,
  PRIMARY KEY (`course_id`,`prerequisite_course_id`),
  KEY `FKit1tn8d8y7wetc79w6isf7mhd` (`prerequisite_course_id`),
  CONSTRAINT `FK6c5rl8wmbsy9eknf0j4bgj5fr` FOREIGN KEY (`course_id`) REFERENCES `courses` (`id`),
  CONSTRAINT `FKit1tn8d8y7wetc79w6isf7mhd` FOREIGN KEY (`prerequisite_course_id`) REFERENCES `courses` (`id`)
) ENGINE=InnoDB DEFAULT CHARSET=utf8mb4 COLLATE=utf8mb4_0900_ai_ci;


DROP TABLE IF EXISTS `students`;
CREATE TABLE `students` (
  `id` varchar(255) NOT NULL,
  `name` varchar(255) DEFAULT NULL,
  `major_id` int DEFAULT NULL,
  `year` int NOT NULL,
  PRIMARY KEY (`id`),
  KEY `FKi04cc0278a1f49g0995mnuo63` (`major_id`),
  CONSTRAINT `FKi04cc0278a1f49g0995mnuo63` FOREIGN KEY (`major_id`) REFERENCES `majors` (`id`)
) ENGINE=InnoDB DEFAULT CHARSET=utf8mb4 COLLATE=utf8mb4_0900_ai_ci;

INSERT INTO `students` (`id`, `name`, `major_id`, `year`) VALUES
('21023911',	'La Minh Tâm',	1,	2021),
('21082081',	'Võ Đình Thông',	1,	2021);

CREATE DATABASE `enroll_db` /*!40100 DEFAULT CHARACTER SET utf8mb4 COLLATE utf8mb4_0900_ai_ci */ /*!80016 DEFAULT ENCRYPTION='N' */;
USE `enroll_db`;

DROP TABLE IF EXISTS `classes`;
CREATE TABLE `classes` (
  `id` varchar(255) NOT NULL,
  `max_capacity` int NOT NULL,
  `semester` int NOT NULL,
  `status` enum('PLANNING','WAITING','OPENED','CLOSED') DEFAULT NULL,
  `year` int NOT NULL,
  `course_id` varchar(255) DEFAULT NULL,
  `course_name` varchar(255) DEFAULT NULL,
  PRIMARY KEY (`id`)
) ENGINE=InnoDB DEFAULT CHARSET=utf8mb4 COLLATE=utf8mb4_0900_ai_ci;

INSERT INTO `classes` (`id`, `max_capacity`, `semester`, `status`, `year`, `course_id`, `course_name`) VALUES
('420300066421201',	60,	2,	'PLANNING',	2021,	'4203000664',	'Tư tưởng Hồ Chí Minh'),
('420300066422201',	70,	2,	'PLANNING',	2022,	'4203000664',	'Tư tưởng Hồ Chí Minh'),
('420300066422202',	70,	2,	'OPENED',	2022,	'4203000664',	'Tư tưởng Hồ Chí Minh'),
('420300066422203',	80,	2,	'WAITING',	2022,	'4203000664',	'Tư tưởng Hồ Chí Minh'),
('420300066422204',	80,	2,	'OPENED',	2022,	'4203000664',	'Tư tưởng Hồ Chí Minh'),
('420300066423201',	60,	2,	'PLANNING',	2023,	'4203000664',	'Tư tưởng Hồ Chí Minh'),
('420300066424201',	70,	2,	'OPENED',	2024,	'4203000664',	'Tư tưởng Hồ Chí Minh'),
('420300066424202',	60,	2,	'PLANNING',	2024,	'4203000664',	'Tư tưởng Hồ Chí Minh'),
('420300086821201',	60,	2,	'OPENED',	2021,	'4203000868',	'Kỹ thuật điện tử'),
('420300086821202',	60,	2,	'WAITING',	2021,	'4203000868',	'Kỹ thuật điện tử'),
('420300086821203',	80,	2,	'WAITING',	2021,	'4203000868',	'Kỹ thuật điện tử'),
('420300086822201',	60,	2,	'PLANNING',	2022,	'4203000868',	'Kỹ thuật điện tử'),
('420300086822202',	60,	2,	'OPENED',	2022,	'4203000868',	'Kỹ thuật điện tử'),
('420300086822203',	70,	2,	'WAITING',	2022,	'4203000868',	'Kỹ thuật điện tử'),
('420300086822204',	60,	2,	'CLOSED',	2022,	'4203000868',	'Kỹ thuật điện tử'),
('420300086823201',	60,	2,	'CLOSED',	2023,	'4203000868',	'Kỹ thuật điện tử'),
('420300086824201',	80,	2,	'PLANNING',	2024,	'4203000868',	'Kỹ thuật điện tử'),
('420300090121101',	80,	1,	'OPENED',	2021,	'4203000901',	'Cấu trúc rời rạc'),
('420300090122101',	80,	1,	'CLOSED',	2022,	'4203000901',	'Cấu trúc rời rạc'),
('420300090122102',	60,	1,	'PLANNING',	2022,	'4203000901',	'Cấu trúc rời rạc'),
('420300090123101',	80,	1,	'PLANNING',	2023,	'4203000901',	'Cấu trúc rời rạc'),
('420300090123102',	80,	1,	'OPENED',	2023,	'4203000901',	'Cấu trúc rời rạc'),
('420300090124101',	70,	1,	'WAITING',	2024,	'4203000901',	'Cấu trúc rời rạc'),
('420300090821101',	60,	1,	'WAITING',	2021,	'4203000908',	'Lý thuyết đồ thị'),
('420300090821102',	80,	1,	'PLANNING',	2021,	'4203000908',	'Lý thuyết đồ thị'),
('420300090821103',	60,	1,	'WAITING',	2021,	'4203000908',	'Lý thuyết đồ thị'),
('420300090822101',	60,	1,	'PLANNING',	2022,	'4203000908',	'Lý thuyết đồ thị'),
('420300090822102',	80,	1,	'CLOSED',	2022,	'4203000908',	'Lý thuyết đồ thị'),
('420300090822103',	80,	1,	'WAITING',	2022,	'4203000908',	'Lý thuyết đồ thị'),
('420300090822104',	80,	1,	'PLANNING',	2022,	'4203000908',	'Lý thuyết đồ thị'),
('420300090823101',	60,	1,	'CLOSED',	2023,	'4203000908',	'Lý thuyết đồ thị'),
('420300090824101',	80,	1,	'WAITING',	2024,	'4203000908',	'Lý thuyết đồ thị'),
('420300090824102',	60,	1,	'PLANNING',	2024,	'4203000908',	'Lý thuyết đồ thị'),
('420300094121201',	60,	2,	'PLANNING',	2021,	'4203000941',	'Kỹ thuật lập trình'),
('420300094121202',	60,	2,	'OPENED',	2021,	'4203000941',	'Kỹ thuật lập trình'),
('420300094122201',	60,	2,	'WAITING',	2022,	'4203000941',	'Kỹ thuật lập trình'),
('420300094123201',	80,	2,	'OPENED',	2023,	'4203000941',	'Kỹ thuật lập trình'),
('420300094124201',	70,	2,	'OPENED',	2024,	'4203000941',	'Kỹ thuật lập trình'),
('420300094124202',	60,	2,	'PLANNING',	2024,	'4203000941',	'Kỹ thuật lập trình'),
('420300094124203',	70,	2,	'WAITING',	2024,	'4203000941',	'Kỹ thuật lập trình'),
('420300094221101',	70,	1,	'PLANNING',	2021,	'4203000942',	'Cấu trúc dữ liệu và giải thuật'),
('420300094221102',	70,	1,	'PLANNING',	2021,	'4203000942',	'Cấu trúc dữ liệu và giải thuật'),
('420300094221103',	70,	1,	'PLANNING',	2021,	'4203000942',	'Cấu trúc dữ liệu và giải thuật'),
('420300094221104',	70,	1,	'WAITING',	2021,	'4203000942',	'Cấu trúc dữ liệu và giải thuật'),
('420300094222101',	70,	1,	'CLOSED',	2022,	'4203000942',	'Cấu trúc dữ liệu và giải thuật'),
('420300094222102',	70,	1,	'WAITING',	2022,	'4203000942',	'Cấu trúc dữ liệu và giải thuật'),
('420300094222103',	80,	1,	'CLOSED',	2022,	'4203000942',	'Cấu trúc dữ liệu và giải thuật'),
('420300094223101',	80,	1,	'OPENED',	2023,	'4203000942',	'Cấu trúc dữ liệu và giải thuật'),
('420300094223102',	80,	1,	'PLANNING',	2023,	'4203000942',	'Cấu trúc dữ liệu và giải thuật'),
('420300094224101',	60,	1,	'WAITING',	2024,	'4203000942',	'Cấu trúc dữ liệu và giải thuật'),
('420300100421201',	70,	2,	'CLOSED',	2021,	'4203001004',	'Nhập môn an toàn thông tin'),
('420300100421202',	60,	2,	'PLANNING',	2021,	'4203001004',	'Nhập môn an toàn thông tin'),
('420300100421203',	70,	2,	'OPENED',	2021,	'4203001004',	'Nhập môn an toàn thông tin'),
('420300100422201',	70,	2,	'OPENED',	2022,	'4203001004',	'Nhập môn an toàn thông tin'),
('420300100423201',	80,	2,	'PLANNING',	2023,	'4203001004',	'Nhập môn an toàn thông tin'),
('420300100423202',	60,	2,	'WAITING',	2023,	'4203001004',	'Nhập môn an toàn thông tin'),
('420300100423203',	80,	2,	'PLANNING',	2023,	'4203001004',	'Nhập môn an toàn thông tin'),
('420300100424201',	60,	2,	'WAITING',	2024,	'4203001004',	'Nhập môn an toàn thông tin'),
('420300105821201',	60,	2,	'WAITING',	2021,	'4203001058',	'Mạng máy tính'),
('420300105821202',	70,	2,	'WAITING',	2021,	'4203001058',	'Mạng máy tính'),
('420300105822201',	60,	2,	'PLANNING',	2022,	'4203001058',	'Mạng máy tính'),
('420300105822202',	60,	2,	'CLOSED',	2022,	'4203001058',	'Mạng máy tính'),
('420300105822203',	80,	2,	'WAITING',	2022,	'4203001058',	'Mạng máy tính'),
('420300105822204',	80,	2,	'OPENED',	2022,	'4203001058',	'Mạng máy tính'),
('420300105823201',	60,	2,	'OPENED',	2023,	'4203001058',	'Mạng máy tính'),
('420300105824201',	70,	2,	'CLOSED',	2024,	'4203001058',	'Mạng máy tính'),
('420300107621201',	60,	2,	'PLANNING',	2021,	'4203001076',	'Tương tác người máy'),
('420300107622201',	80,	2,	'OPENED',	2022,	'4203001076',	'Tương tác người máy'),
('420300107623201',	80,	2,	'CLOSED',	2023,	'4203001076',	'Tương tác người máy'),
('420300107623202',	60,	2,	'CLOSED',	2023,	'4203001076',	'Tương tác người máy'),
('420300107624201',	80,	2,	'PLANNING',	2024,	'4203001076',	'Tương tác người máy'),
('420300107624202',	60,	2,	'OPENED',	2024,	'4203001076',	'Tương tác người máy'),
('420300111121201',	80,	2,	'OPENED',	2021,	'4203001111',	'Công nghệ phần mềm'),
('420300111121202',	80,	2,	'CLOSED',	2021,	'4203001111',	'Công nghệ phần mềm'),
('420300111121203',	80,	2,	'PLANNING',	2021,	'4203001111',	'Công nghệ phần mềm'),
('420300111121204',	60,	2,	'PLANNING',	2021,	'4203001111',	'Công nghệ phần mềm'),
('420300111122201',	80,	2,	'CLOSED',	2022,	'4203001111',	'Công nghệ phần mềm'),
('420300111122202',	80,	2,	'OPENED',	2022,	'4203001111',	'Công nghệ phần mềm'),
('420300111122203',	80,	2,	'OPENED',	2022,	'4203001111',	'Công nghệ phần mềm'),
('420300111123201',	70,	2,	'WAITING',	2023,	'4203001111',	'Công nghệ phần mềm'),
('420300111124201',	70,	2,	'CLOSED',	2024,	'4203001111',	'Công nghệ phần mềm'),
('420300111124202',	70,	2,	'CLOSED',	2024,	'4203001111',	'Công nghệ phần mềm'),
('420300111124203',	60,	2,	'OPENED',	2024,	'4203001111',	'Công nghệ phần mềm'),
('420300111124204',	80,	2,	'CLOSED',	2024,	'4203001111',	'Công nghệ phần mềm'),
('420300114621101',	60,	1,	'WAITING',	2021,	'4203001146',	'Hệ cơ sở dữ liệu'),
('420300114622101',	70,	1,	'CLOSED',	2022,	'4203001146',	'Hệ cơ sở dữ liệu'),
('420300114622102',	80,	1,	'OPENED',	2022,	'4203001146',	'Hệ cơ sở dữ liệu'),
('420300114622103',	70,	1,	'CLOSED',	2022,	'4203001146',	'Hệ cơ sở dữ liệu'),
('420300114622104',	70,	1,	'PLANNING',	2022,	'4203001146',	'Hệ cơ sở dữ liệu'),
('420300114623101',	60,	1,	'PLANNING',	2023,	'4203001146',	'Hệ cơ sở dữ liệu'),
('420300114623102',	70,	1,	'OPENED',	2023,	'4203001146',	'Hệ cơ sở dữ liệu'),
('420300114623103',	70,	1,	'CLOSED',	2023,	'4203001146',	'Hệ cơ sở dữ liệu'),
('420300114624101',	70,	1,	'CLOSED',	2024,	'4203001146',	'Hệ cơ sở dữ liệu'),
('420300120721201',	70,	2,	'CLOSED',	2021,	'4203001207',	'Hệ quản trị cơ sở dữ liệu'),
('420300120722201',	80,	2,	'CLOSED',	2022,	'4203001207',	'Hệ quản trị cơ sở dữ liệu'),
('420300120723201',	80,	2,	'CLOSED',	2023,	'4203001207',	'Hệ quản trị cơ sở dữ liệu'),
('420300120723202',	60,	2,	'CLOSED',	2023,	'4203001207',	'Hệ quản trị cơ sở dữ liệu'),
('420300120723203',	70,	2,	'WAITING',	2023,	'4203001207',	'Hệ quản trị cơ sở dữ liệu'),
('420300120724201',	60,	2,	'WAITING',	2024,	'4203001207',	'Hệ quản trị cơ sở dữ liệu'),
('420300120724202',	80,	2,	'CLOSED',	2024,	'4203001207',	'Hệ quản trị cơ sở dữ liệu'),
('420300120724203',	60,	2,	'WAITING',	2024,	'4203001207',	'Hệ quản trị cơ sở dữ liệu'),
('420300136621201',	70,	2,	'PLANNING',	2021,	'4203001366',	'Automat & ngôn ngữ hình thức'),
('420300136621202',	70,	2,	'PLANNING',	2021,	'4203001366',	'Automat & ngôn ngữ hình thức'),
('420300136621203',	60,	2,	'PLANNING',	2021,	'4203001366',	'Automat & ngôn ngữ hình thức'),
('420300136622201',	80,	2,	'WAITING',	2022,	'4203001366',	'Automat & ngôn ngữ hình thức'),
('420300136622202',	80,	2,	'PLANNING',	2022,	'4203001366',	'Automat & ngôn ngữ hình thức'),
('420300136622203',	80,	2,	'CLOSED',	2022,	'4203001366',	'Automat & ngôn ngữ hình thức'),
('420300136623201',	80,	2,	'PLANNING',	2023,	'4203001366',	'Automat & ngôn ngữ hình thức'),
('420300136623202',	80,	2,	'PLANNING',	2023,	'4203001366',	'Automat & ngôn ngữ hình thức'),
('420300136623203',	70,	2,	'PLANNING',	2023,	'4203001366',	'Automat & ngôn ngữ hình thức'),
('420300136623204',	80,	2,	'PLANNING',	2023,	'4203001366',	'Automat & ngôn ngữ hình thức'),
('420300136624201',	70,	2,	'PLANNING',	2024,	'4203001366',	'Automat & ngôn ngữ hình thức'),
('420300136624202',	80,	2,	'OPENED',	2024,	'4203001366',	'Automat & ngôn ngữ hình thức'),
('420300143221101',	60,	1,	'PLANNING',	2021,	'4203001432',	'Lập trình thiết bị di động'),
('420300143222101',	70,	1,	'CLOSED',	2022,	'4203001432',	'Lập trình thiết bị di động'),
('420300143222102',	60,	1,	'CLOSED',	2022,	'4203001432',	'Lập trình thiết bị di động'),
('420300143223101',	80,	1,	'OPENED',	2023,	'4203001432',	'Lập trình thiết bị di động'),
('420300143223102',	60,	1,	'WAITING',	2023,	'4203001432',	'Lập trình thiết bị di động'),
('420300143223103',	80,	1,	'CLOSED',	2023,	'4203001432',	'Lập trình thiết bị di động'),
('420300143223104',	70,	1,	'CLOSED',	2023,	'4203001432',	'Lập trình thiết bị di động'),
('420300143224101',	70,	1,	'CLOSED',	2024,	'4203001432',	'Lập trình thiết bị di động'),
('420300143224102',	70,	1,	'PLANNING',	2024,	'4203001432',	'Lập trình thiết bị di động'),
('420300143224103',	70,	1,	'WAITING',	2024,	'4203001432',	'Lập trình thiết bị di động'),
('420300154921201',	70,	2,	'OPENED',	2021,	'4203001549',	'Kiến trúc và Thiết kế phần mềm'),
('420300154921202',	80,	2,	'CLOSED',	2021,	'4203001549',	'Kiến trúc và Thiết kế phần mềm'),
('420300154921203',	60,	2,	'OPENED',	2021,	'4203001549',	'Kiến trúc và Thiết kế phần mềm'),
('420300154922201',	60,	2,	'WAITING',	2022,	'4203001549',	'Kiến trúc và Thiết kế phần mềm'),
('420300154923201',	70,	2,	'WAITING',	2023,	'4203001549',	'Kiến trúc và Thiết kế phần mềm'),
('420300154923202',	60,	2,	'CLOSED',	2023,	'4203001549',	'Kiến trúc và Thiết kế phần mềm'),
('420300154923203',	80,	2,	'CLOSED',	2023,	'4203001549',	'Kiến trúc và Thiết kế phần mềm'),
('420300154924201',	70,	2,	'WAITING',	2024,	'4203001549',	'Kiến trúc và Thiết kế phần mềm'),
('420300154924202',	60,	2,	'OPENED',	2024,	'4203001549',	'Kiến trúc và Thiết kế phần mềm'),
('420300154924203',	60,	2,	'CLOSED',	2024,	'4203001549',	'Kiến trúc và Thiết kế phần mềm'),
('420300154924204',	80,	2,	'CLOSED',	2024,	'4203001549',	'Kiến trúc và Thiết kế phần mềm'),
('420300200921101',	60,	1,	'CLOSED',	2021,	'4203002009',	'Nhập môn Tin học'),
('420300200921102',	60,	1,	'WAITING',	2021,	'4203002009',	'Nhập môn Tin học'),
('420300200921103',	60,	1,	'OPENED',	2021,	'4203002009',	'Nhập môn Tin học'),
('420300200921104',	70,	1,	'PLANNING',	2021,	'4203002009',	'Nhập môn Tin học'),
('420300200922101',	80,	1,	'CLOSED',	2022,	'4203002009',	'Nhập môn Tin học'),
('420300200922102',	80,	1,	'CLOSED',	2022,	'4203002009',	'Nhập môn Tin học'),
('420300200922103',	60,	1,	'PLANNING',	2022,	'4203002009',	'Nhập môn Tin học'),
('420300200922104',	70,	1,	'CLOSED',	2022,	'4203002009',	'Nhập môn Tin học'),
('420300200923101',	70,	1,	'WAITING',	2023,	'4203002009',	'Nhập môn Tin học'),
('420300200923102',	70,	1,	'OPENED',	2023,	'4203002009',	'Nhập môn Tin học'),
('420300200923103',	70,	1,	'WAITING',	2023,	'4203002009',	'Nhập môn Tin học'),
('420300200923104',	70,	1,	'PLANNING',	2023,	'4203002009',	'Nhập môn Tin học'),
('420300200924101',	60,	1,	'CLOSED',	2024,	'4203002009',	'Nhập môn Tin học'),
('420300203121201',	70,	2,	'WAITING',	2021,	'4203002031',	'Lập trình phân tích dữ liệu 1'),
('420300203121202',	80,	2,	'PLANNING',	2021,	'4203002031',	'Lập trình phân tích dữ liệu 1'),
('420300203121203',	80,	2,	'WAITING',	2021,	'4203002031',	'Lập trình phân tích dữ liệu 1'),
('420300203122201',	60,	2,	'OPENED',	2022,	'4203002031',	'Lập trình phân tích dữ liệu 1'),
('420300203123201',	70,	2,	'CLOSED',	2023,	'4203002031',	'Lập trình phân tích dữ liệu 1'),
('420300203123202',	80,	2,	'CLOSED',	2023,	'4203002031',	'Lập trình phân tích dữ liệu 1'),
('420300203123203',	60,	2,	'CLOSED',	2023,	'4203002031',	'Lập trình phân tích dữ liệu 1'),
('420300203124201',	70,	2,	'CLOSED',	2024,	'4203002031',	'Lập trình phân tích dữ liệu 1'),
('420300203124202',	60,	2,	'CLOSED',	2024,	'4203002031',	'Lập trình phân tích dữ liệu 1'),
('420300203124203',	80,	2,	'PLANNING',	2024,	'4203002031',	'Lập trình phân tích dữ liệu 1'),
('420300204421201',	80,	2,	'CLOSED',	2021,	'4203002044',	'Lập trình hướng sự kiện với công nghệ .NET'),
('420300204422201',	60,	2,	'CLOSED',	2022,	'4203002044',	'Lập trình hướng sự kiện với công nghệ .NET'),
('420300204422202',	60,	2,	'PLANNING',	2022,	'4203002044',	'Lập trình hướng sự kiện với công nghệ .NET'),
('420300204422203',	80,	2,	'PLANNING',	2022,	'4203002044',	'Lập trình hướng sự kiện với công nghệ .NET'),
('420300204422204',	60,	2,	'CLOSED',	2022,	'4203002044',	'Lập trình hướng sự kiện với công nghệ .NET'),
('420300204423201',	80,	2,	'CLOSED',	2023,	'4203002044',	'Lập trình hướng sự kiện với công nghệ .NET'),
('420300204423202',	80,	2,	'CLOSED',	2023,	'4203002044',	'Lập trình hướng sự kiện với công nghệ .NET'),
('420300204424201',	60,	2,	'WAITING',	2024,	'4203002044',	'Lập trình hướng sự kiện với công nghệ .NET'),
('420300207021201',	70,	2,	'PLANNING',	2021,	'4203002070',	'Lập trình hướng sự kiện với công nghệ Java'),
('420300207022201',	60,	2,	'PLANNING',	2022,	'4203002070',	'Lập trình hướng sự kiện với công nghệ Java'),
('420300207022202',	80,	2,	'WAITING',	2022,	'4203002070',	'Lập trình hướng sự kiện với công nghệ Java'),
('420300207022203',	80,	2,	'WAITING',	2022,	'4203002070',	'Lập trình hướng sự kiện với công nghệ Java'),
('420300207023201',	70,	2,	'CLOSED',	2023,	'4203002070',	'Lập trình hướng sự kiện với công nghệ Java'),
('420300207024201',	70,	2,	'WAITING',	2024,	'4203002070',	'Lập trình hướng sự kiện với công nghệ Java'),
('420300213721201',	60,	2,	'PLANNING',	2021,	'4203002137',	'Hệ Thống Máy tính'),
('420300213722201',	80,	2,	'OPENED',	2022,	'4203002137',	'Hệ Thống Máy tính'),
('420300213722202',	60,	2,	'PLANNING',	2022,	'4203002137',	'Hệ Thống Máy tính'),
('420300213723201',	70,	2,	'OPENED',	2023,	'4203002137',	'Hệ Thống Máy tính'),
('420300213723202',	70,	2,	'CLOSED',	2023,	'4203002137',	'Hệ Thống Máy tính'),
('420300213724201',	80,	2,	'PLANNING',	2024,	'4203002137',	'Hệ Thống Máy tính'),
('420300213724202',	70,	2,	'WAITING',	2024,	'4203002137',	'Hệ Thống Máy tính'),
('420300214521201',	70,	2,	'OPENED',	2021,	'4203002145',	'Hệ Thống và Công nghệ Web'),
('420300214521202',	80,	2,	'PLANNING',	2021,	'4203002145',	'Hệ Thống và Công nghệ Web'),
('420300214521203',	60,	2,	'PLANNING',	2021,	'4203002145',	'Hệ Thống và Công nghệ Web'),
('420300214522201',	80,	2,	'WAITING',	2022,	'4203002145',	'Hệ Thống và Công nghệ Web'),
('420300214523201',	80,	2,	'PLANNING',	2023,	'4203002145',	'Hệ Thống và Công nghệ Web'),
('420300214524201',	80,	2,	'PLANNING',	2024,	'4203002145',	'Hệ Thống và Công nghệ Web'),
('420300214524202',	80,	2,	'OPENED',	2024,	'4203002145',	'Hệ Thống và Công nghệ Web'),
('420300214524203',	70,	2,	'CLOSED',	2024,	'4203002145',	'Hệ Thống và Công nghệ Web'),
('420300214621201',	80,	2,	'CLOSED',	2021,	'4203002146',	'Lập trình phân tán với công nghệ Java'),
('420300214621202',	60,	2,	'OPENED',	2021,	'4203002146',	'Lập trình phân tán với công nghệ Java'),
('420300214621203',	80,	2,	'CLOSED',	2021,	'4203002146',	'Lập trình phân tán với công nghệ Java'),
('420300214622201',	80,	2,	'WAITING',	2022,	'4203002146',	'Lập trình phân tán với công nghệ Java'),
('420300214622202',	70,	2,	'WAITING',	2022,	'4203002146',	'Lập trình phân tán với công nghệ Java'),
('420300214622203',	80,	2,	'WAITING',	2022,	'4203002146',	'Lập trình phân tán với công nghệ Java'),
('420300214622204',	60,	2,	'OPENED',	2022,	'4203002146',	'Lập trình phân tán với công nghệ Java'),
('420300214623201',	70,	2,	'PLANNING',	2023,	'4203002146',	'Lập trình phân tán với công nghệ Java'),
('420300214623202',	70,	2,	'CLOSED',	2023,	'4203002146',	'Lập trình phân tán với công nghệ Java'),
('420300214623203',	60,	2,	'WAITING',	2023,	'4203002146',	'Lập trình phân tán với công nghệ Java'),
('420300214624201',	70,	2,	'OPENED',	2024,	'4203002146',	'Lập trình phân tán với công nghệ Java'),
('420300214624202',	60,	2,	'CLOSED',	2024,	'4203002146',	'Lập trình phân tán với công nghệ Java'),
('420300232921201',	60,	2,	'WAITING',	2021,	'4203002329',	'Nhập môn dữ liệu lớn'),
('420300232921202',	60,	2,	'OPENED',	2021,	'4203002329',	'Nhập môn dữ liệu lớn'),
('420300232922201',	60,	2,	'WAITING',	2022,	'4203002329',	'Nhập môn dữ liệu lớn'),
('420300232922202',	60,	2,	'WAITING',	2022,	'4203002329',	'Nhập môn dữ liệu lớn'),
('420300232922203',	70,	2,	'CLOSED',	2022,	'4203002329',	'Nhập môn dữ liệu lớn'),
('420300232922204',	70,	2,	'WAITING',	2022,	'4203002329',	'Nhập môn dữ liệu lớn'),
('420300232923201',	70,	2,	'OPENED',	2023,	'4203002329',	'Nhập môn dữ liệu lớn'),
('420300232923202',	60,	2,	'CLOSED',	2023,	'4203002329',	'Nhập môn dữ liệu lớn'),
('420300232923203',	80,	2,	'OPENED',	2023,	'4203002329',	'Nhập môn dữ liệu lớn'),
('420300232923204',	70,	2,	'WAITING',	2023,	'4203002329',	'Nhập môn dữ liệu lớn'),
('420300232924201',	60,	2,	'CLOSED',	2024,	'4203002329',	'Nhập môn dữ liệu lớn'),
('420300233021201',	60,	2,	'PLANNING',	2021,	'4203002330',	'Lập trình phân tích dữ liệu 2'),
('420300233021202',	60,	2,	'WAITING',	2021,	'4203002330',	'Lập trình phân tích dữ liệu 2'),
('420300233021203',	80,	2,	'CLOSED',	2021,	'4203002330',	'Lập trình phân tích dữ liệu 2'),
('420300233021204',	70,	2,	'CLOSED',	2021,	'4203002330',	'Lập trình phân tích dữ liệu 2'),
('420300233022201',	80,	2,	'CLOSED',	2022,	'4203002330',	'Lập trình phân tích dữ liệu 2'),
('420300233022202',	70,	2,	'OPENED',	2022,	'4203002330',	'Lập trình phân tích dữ liệu 2'),
('420300233023201',	60,	2,	'OPENED',	2023,	'4203002330',	'Lập trình phân tích dữ liệu 2'),
('420300233023202',	60,	2,	'OPENED',	2023,	'4203002330',	'Lập trình phân tích dữ liệu 2'),
('420300233023203',	80,	2,	'PLANNING',	2023,	'4203002330',	'Lập trình phân tích dữ liệu 2'),
('420300233023204',	80,	2,	'OPENED',	2023,	'4203002330',	'Lập trình phân tích dữ liệu 2'),
('420300233024201',	70,	2,	'OPENED',	2024,	'4203002330',	'Lập trình phân tích dữ liệu 2'),
('420300234921201',	70,	2,	'CLOSED',	2021,	'4203002349',	'Lập trình phân tán với công nghệ .NET'),
('420300234921202',	70,	2,	'OPENED',	2021,	'4203002349',	'Lập trình phân tán với công nghệ .NET'),
('420300234921203',	80,	2,	'WAITING',	2021,	'4203002349',	'Lập trình phân tán với công nghệ .NET'),
('420300234922201',	70,	2,	'OPENED',	2022,	'4203002349',	'Lập trình phân tán với công nghệ .NET'),
('420300234922202',	80,	2,	'CLOSED',	2022,	'4203002349',	'Lập trình phân tán với công nghệ .NET'),
('420300234922203',	80,	2,	'OPENED',	2022,	'4203002349',	'Lập trình phân tán với công nghệ .NET'),
('420300234922204',	70,	2,	'CLOSED',	2022,	'4203002349',	'Lập trình phân tán với công nghệ .NET'),
('420300234923201',	60,	2,	'CLOSED',	2023,	'4203002349',	'Lập trình phân tán với công nghệ .NET'),
('420300234923202',	60,	2,	'OPENED',	2023,	'4203002349',	'Lập trình phân tán với công nghệ .NET'),
('420300234923203',	60,	2,	'WAITING',	2023,	'4203002349',	'Lập trình phân tán với công nghệ .NET'),
('420300234923204',	60,	2,	'OPENED',	2023,	'4203002349',	'Lập trình phân tán với công nghệ .NET'),
('420300234924201',	70,	2,	'OPENED',	2024,	'4203002349',	'Lập trình phân tán với công nghệ .NET'),
('420300234924202',	70,	2,	'OPENED',	2024,	'4203002349',	'Lập trình phân tán với công nghệ .NET'),
('420300234924203',	70,	2,	'CLOSED',	2024,	'4203002349',	'Lập trình phân tán với công nghệ .NET'),
('420300242221101',	70,	1,	'OPENED',	2021,	'4203002422',	'Pháp luật đại cương'),
('420300242221102',	60,	1,	'WAITING',	2021,	'4203002422',	'Pháp luật đại cương'),
('420300242221103',	70,	1,	'WAITING',	2021,	'4203002422',	'Pháp luật đại cương'),
('420300242222101',	60,	1,	'WAITING',	2022,	'4203002422',	'Pháp luật đại cương'),
('420300242223101',	70,	1,	'WAITING',	2023,	'4203002422',	'Pháp luật đại cương'),
('420300242224101',	60,	1,	'OPENED',	2024,	'4203002422',	'Pháp luật đại cương'),
('420300242224102',	60,	1,	'OPENED',	2024,	'4203002422',	'Pháp luật đại cương'),
('420300309821101',	70,	1,	'CLOSED',	2021,	'4203003098',	'Thực tập doanh nghiệp'),
('420300309821102',	80,	1,	'OPENED',	2021,	'4203003098',	'Thực tập doanh nghiệp'),
('420300309821103',	70,	1,	'WAITING',	2021,	'4203003098',	'Thực tập doanh nghiệp'),
('420300309821104',	70,	1,	'OPENED',	2021,	'4203003098',	'Thực tập doanh nghiệp'),
('420300309822101',	70,	1,	'PLANNING',	2022,	'4203003098',	'Thực tập doanh nghiệp'),
('420300309822102',	80,	1,	'PLANNING',	2022,	'4203003098',	'Thực tập doanh nghiệp'),
('420300309823101',	70,	1,	'WAITING',	2023,	'4203003098',	'Thực tập doanh nghiệp'),
('420300309823102',	70,	1,	'PLANNING',	2023,	'4203003098',	'Thực tập doanh nghiệp'),
('420300309823103',	70,	1,	'CLOSED',	2023,	'4203003098',	'Thực tập doanh nghiệp'),
('420300309824101',	80,	1,	'OPENED',	2024,	'4203003098',	'Thực tập doanh nghiệp'),
('420300309824102',	60,	1,	'OPENED',	2024,	'4203003098',	'Thực tập doanh nghiệp'),
('420300309824103',	70,	1,	'CLOSED',	2024,	'4203003098',	'Thực tập doanh nghiệp'),
('420300309824104',	60,	1,	'OPENED',	2024,	'4203003098',	'Thực tập doanh nghiệp'),
('420300314721201',	70,	2,	'OPENED',	2021,	'4203003147',	'Công nghệ mới trong phát triển ứng dụng CNTT'),
('420300314722201',	70,	2,	'OPENED',	2022,	'4203003147',	'Công nghệ mới trong phát triển ứng dụng CNTT'),
('420300314723201',	70,	2,	'CLOSED',	2023,	'4203003147',	'Công nghệ mới trong phát triển ứng dụng CNTT'),
('420300314723202',	60,	2,	'PLANNING',	2023,	'4203003147',	'Công nghệ mới trong phát triển ứng dụng CNTT'),
('420300314723203',	80,	2,	'PLANNING',	2023,	'4203003147',	'Công nghệ mới trong phát triển ứng dụng CNTT'),
('420300314723204',	80,	2,	'WAITING',	2023,	'4203003147',	'Công nghệ mới trong phát triển ứng dụng CNTT'),
('420300314724201',	80,	2,	'OPENED',	2024,	'4203003147',	'Công nghệ mới trong phát triển ứng dụng CNTT'),
('420300314724202',	70,	2,	'WAITING',	2024,	'4203003147',	'Công nghệ mới trong phát triển ứng dụng CNTT'),
('420300314724203',	80,	2,	'PLANNING',	2024,	'4203003147',	'Công nghệ mới trong phát triển ứng dụng CNTT'),
('420300319221101',	80,	1,	'CLOSED',	2021,	'4203003192',	'Kỹ năng làm việc nhóm'),
('420300319221102',	60,	1,	'OPENED',	2021,	'4203003192',	'Kỹ năng làm việc nhóm'),
('420300319221103',	60,	1,	'PLANNING',	2021,	'4203003192',	'Kỹ năng làm việc nhóm'),
('420300319221104',	80,	1,	'PLANNING',	2021,	'4203003192',	'Kỹ năng làm việc nhóm'),
('420300319222101',	60,	1,	'OPENED',	2022,	'4203003192',	'Kỹ năng làm việc nhóm'),
('420300319223101',	60,	1,	'PLANNING',	2023,	'4203003192',	'Kỹ năng làm việc nhóm'),
('420300319223102',	80,	1,	'OPENED',	2023,	'4203003192',	'Kỹ năng làm việc nhóm'),
('420300319224101',	80,	1,	'OPENED',	2024,	'4203003192',	'Kỹ năng làm việc nhóm'),
('420300319321201',	80,	2,	'OPENED',	2021,	'4203003193',	'Toán ứng dụng'),
('420300319321202',	80,	2,	'CLOSED',	2021,	'4203003193',	'Toán ứng dụng'),
('420300319321203',	80,	2,	'OPENED',	2021,	'4203003193',	'Toán ứng dụng'),
('420300319322201',	60,	2,	'PLANNING',	2022,	'4203003193',	'Toán ứng dụng'),
('420300319322202',	80,	2,	'WAITING',	2022,	'4203003193',	'Toán ứng dụng'),
('420300319322203',	60,	2,	'CLOSED',	2022,	'4203003193',	'Toán ứng dụng'),
('420300319322204',	60,	2,	'PLANNING',	2022,	'4203003193',	'Toán ứng dụng'),
('420300319323201',	70,	2,	'CLOSED',	2023,	'4203003193',	'Toán ứng dụng'),
('420300319324201',	70,	2,	'CLOSED',	2024,	'4203003193',	'Toán ứng dụng'),
('420300319421101',	60,	1,	'CLOSED',	2021,	'4203003194',	'Hội họa'),
('420300319421102',	80,	1,	'WAITING',	2021,	'4203003194',	'Hội họa'),
('420300319422101',	60,	1,	'PLANNING',	2022,	'4203003194',	'Hội họa'),
('420300319422102',	60,	1,	'WAITING',	2022,	'4203003194',	'Hội họa'),
('420300319423101',	60,	1,	'OPENED',	2023,	'4203003194',	'Hội họa'),
('420300319424101',	60,	1,	'PLANNING',	2024,	'4203003194',	'Hội họa'),
('420300319424102',	80,	1,	'OPENED',	2024,	'4203003194',	'Hội họa'),
('420300319521101',	60,	1,	'OPENED',	2021,	'4203003195',	'Xã hội học'),
('420300319521102',	70,	1,	'WAITING',	2021,	'4203003195',	'Xã hội học'),
('420300319522101',	70,	1,	'OPENED',	2022,	'4203003195',	'Xã hội học'),
('420300319522102',	80,	1,	'PLANNING',	2022,	'4203003195',	'Xã hội học'),
('420300319523101',	60,	1,	'WAITING',	2023,	'4203003195',	'Xã hội học'),
('420300319523102',	60,	1,	'PLANNING',	2023,	'4203003195',	'Xã hội học'),
('420300319524101',	80,	1,	'WAITING',	2024,	'4203003195',	'Xã hội học'),
('420300319621101',	80,	1,	'CLOSED',	2021,	'4203003196',	'Giao tiếp kinh doanh'),
('420300319621102',	70,	1,	'OPENED',	2021,	'4203003196',	'Giao tiếp kinh doanh'),
('420300319621103',	70,	1,	'CLOSED',	2021,	'4203003196',	'Giao tiếp kinh doanh'),
('420300319621104',	80,	1,	'WAITING',	2021,	'4203003196',	'Giao tiếp kinh doanh'),
('420300319622101',	80,	1,	'CLOSED',	2022,	'4203003196',	'Giao tiếp kinh doanh'),
('420300319622102',	60,	1,	'CLOSED',	2022,	'4203003196',	'Giao tiếp kinh doanh'),
('420300319623101',	60,	1,	'OPENED',	2023,	'4203003196',	'Giao tiếp kinh doanh'),
('420300319623102',	60,	1,	'WAITING',	2023,	'4203003196',	'Giao tiếp kinh doanh'),
('420300319623103',	60,	1,	'WAITING',	2023,	'4203003196',	'Giao tiếp kinh doanh'),
('420300319624101',	60,	1,	'WAITING',	2024,	'4203003196',	'Giao tiếp kinh doanh'),
('420300319721101',	70,	1,	'PLANNING',	2021,	'4203003197',	'Kỹ năng xây dựng kế hoạch'),
('420300319722101',	60,	1,	'PLANNING',	2022,	'4203003197',	'Kỹ năng xây dựng kế hoạch'),
('420300319722102',	60,	1,	'PLANNING',	2022,	'4203003197',	'Kỹ năng xây dựng kế hoạch'),
('420300319723101',	70,	1,	'CLOSED',	2023,	'4203003197',	'Kỹ năng xây dựng kế hoạch'),
('420300319724101',	80,	1,	'OPENED',	2024,	'4203003197',	'Kỹ năng xây dựng kế hoạch'),
('420300319724102',	60,	1,	'OPENED',	2024,	'4203003197',	'Kỹ năng xây dựng kế hoạch'),
('420300319724103',	80,	1,	'OPENED',	2024,	'4203003197',	'Kỹ năng xây dựng kế hoạch'),
('420300319724104',	60,	1,	'WAITING',	2024,	'4203003197',	'Kỹ năng xây dựng kế hoạch'),
('420300319821101',	60,	1,	'OPENED',	2021,	'4203003198',	'Phương pháp luận nghiên cứu khoa học'),
('420300319821102',	80,	1,	'PLANNING',	2021,	'4203003198',	'Phương pháp luận nghiên cứu khoa học'),
('420300319821103',	60,	1,	'CLOSED',	2021,	'4203003198',	'Phương pháp luận nghiên cứu khoa học'),
('420300319822101',	60,	1,	'PLANNING',	2022,	'4203003198',	'Phương pháp luận nghiên cứu khoa học'),
('420300319822102',	70,	1,	'CLOSED',	2022,	'4203003198',	'Phương pháp luận nghiên cứu khoa học'),
('420300319822103',	60,	1,	'WAITING',	2022,	'4203003198',	'Phương pháp luận nghiên cứu khoa học'),
('420300319823101',	60,	1,	'PLANNING',	2023,	'4203003198',	'Phương pháp luận nghiên cứu khoa học'),
('420300319823102',	70,	1,	'OPENED',	2023,	'4203003198',	'Phương pháp luận nghiên cứu khoa học'),
('420300319823103',	70,	1,	'WAITING',	2023,	'4203003198',	'Phương pháp luận nghiên cứu khoa học'),
('420300319824101',	80,	1,	'PLANNING',	2024,	'4203003198',	'Phương pháp luận nghiên cứu khoa học'),
('420300319824102',	70,	1,	'WAITING',	2024,	'4203003198',	'Phương pháp luận nghiên cứu khoa học'),
('420300319824103',	60,	1,	'OPENED',	2024,	'4203003198',	'Phương pháp luận nghiên cứu khoa học'),
('420300319824104',	60,	1,	'WAITING',	2024,	'4203003198',	'Phương pháp luận nghiên cứu khoa học'),
('420300320321101',	70,	1,	'WAITING',	2021,	'4203003203',	'Âm nhạc – Nhạc lý và Guitar căn bản'),
('420300320321102',	70,	1,	'OPENED',	2021,	'4203003203',	'Âm nhạc – Nhạc lý và Guitar căn bản'),
('420300320321103',	80,	1,	'CLOSED',	2021,	'4203003203',	'Âm nhạc – Nhạc lý và Guitar căn bản'),
('420300320321104',	70,	1,	'CLOSED',	2021,	'4203003203',	'Âm nhạc – Nhạc lý và Guitar căn bản'),
('420300320322101',	60,	1,	'OPENED',	2022,	'4203003203',	'Âm nhạc – Nhạc lý và Guitar căn bản'),
('420300320322102',	60,	1,	'WAITING',	2022,	'4203003203',	'Âm nhạc – Nhạc lý và Guitar căn bản'),
('420300320323101',	70,	1,	'PLANNING',	2023,	'4203003203',	'Âm nhạc – Nhạc lý và Guitar căn bản'),
('420300320324101',	60,	1,	'WAITING',	2024,	'4203003203',	'Âm nhạc – Nhạc lý và Guitar căn bản'),
('420300320521101',	70,	1,	'CLOSED',	2021,	'4203003205',	'Quản trị doanh nghiệp'),
('420300320521102',	70,	1,	'PLANNING',	2021,	'4203003205',	'Quản trị doanh nghiệp'),
('420300320521103',	60,	1,	'WAITING',	2021,	'4203003205',	'Quản trị doanh nghiệp'),
('420300320521104',	70,	1,	'WAITING',	2021,	'4203003205',	'Quản trị doanh nghiệp'),
('420300320522101',	70,	1,	'PLANNING',	2022,	'4203003205',	'Quản trị doanh nghiệp'),
('420300320523101',	70,	1,	'PLANNING',	2023,	'4203003205',	'Quản trị doanh nghiệp'),
('420300320523102',	60,	1,	'PLANNING',	2023,	'4203003205',	'Quản trị doanh nghiệp'),
('420300320523103',	80,	1,	'WAITING',	2023,	'4203003205',	'Quản trị doanh nghiệp'),
('420300320524101',	70,	1,	'CLOSED',	2024,	'4203003205',	'Quản trị doanh nghiệp'),
('420300320621101',	80,	1,	'OPENED',	2021,	'4203003206',	'Môi trường và con người'),
('420300320622101',	80,	1,	'OPENED',	2022,	'4203003206',	'Môi trường và con người'),
('420300320623101',	70,	1,	'PLANNING',	2023,	'4203003206',	'Môi trường và con người'),
('420300320623102',	60,	1,	'PLANNING',	2023,	'4203003206',	'Môi trường và con người'),
('420300320623103',	60,	1,	'CLOSED',	2023,	'4203003206',	'Môi trường và con người'),
('420300320624101',	70,	1,	'CLOSED',	2024,	'4203003206',	'Môi trường và con người'),
('420300321721101',	60,	1,	'OPENED',	2021,	'4203003217',	'Quản trị học'),
('420300321721102',	70,	1,	'OPENED',	2021,	'4203003217',	'Quản trị học'),
('420300321722101',	80,	1,	'WAITING',	2022,	'4203003217',	'Quản trị học'),
('420300321723101',	60,	1,	'PLANNING',	2023,	'4203003217',	'Quản trị học'),
('420300321723102',	60,	1,	'CLOSED',	2023,	'4203003217',	'Quản trị học'),
('420300321723103',	70,	1,	'OPENED',	2023,	'4203003217',	'Quản trị học'),
('420300321724101',	60,	1,	'CLOSED',	2024,	'4203003217',	'Quản trị học'),
('420300321724102',	60,	1,	'WAITING',	2024,	'4203003217',	'Quản trị học'),
('420300324021201',	70,	2,	'CLOSED',	2021,	'4203003240',	'Hàm phức và phép biến đổi Laplace'),
('420300324022201',	60,	2,	'WAITING',	2022,	'4203003240',	'Hàm phức và phép biến đổi Laplace'),
('420300324022202',	80,	2,	'CLOSED',	2022,	'4203003240',	'Hàm phức và phép biến đổi Laplace'),
('420300324022203',	80,	2,	'CLOSED',	2022,	'4203003240',	'Hàm phức và phép biến đổi Laplace'),
('420300324022204',	60,	2,	'OPENED',	2022,	'4203003240',	'Hàm phức và phép biến đổi Laplace'),
('420300324023201',	80,	2,	'CLOSED',	2023,	'4203003240',	'Hàm phức và phép biến đổi Laplace'),
('420300324023202',	80,	2,	'OPENED',	2023,	'4203003240',	'Hàm phức và phép biến đổi Laplace'),
('420300324023203',	70,	2,	'WAITING',	2023,	'4203003240',	'Hàm phức và phép biến đổi Laplace'),
('420300324023204',	80,	2,	'CLOSED',	2023,	'4203003240',	'Hàm phức và phép biến đổi Laplace'),
('420300324024201',	60,	2,	'PLANNING',	2024,	'4203003240',	'Hàm phức và phép biến đổi Laplace'),
('420300324024202',	80,	2,	'PLANNING',	2024,	'4203003240',	'Hàm phức và phép biến đổi Laplace'),
('420300324221101',	70,	1,	'CLOSED',	2021,	'4203003242',	'Giáo dục Quốc phòng và An ninh 1 '),
('420300324221102',	80,	1,	'CLOSED',	2021,	'4203003242',	'Giáo dục Quốc phòng và An ninh 1 '),
('420300324221103',	60,	1,	'PLANNING',	2021,	'4203003242',	'Giáo dục Quốc phòng và An ninh 1 '),
('420300324221104',	80,	1,	'OPENED',	2021,	'4203003242',	'Giáo dục Quốc phòng và An ninh 1 '),
('420300324222101',	70,	1,	'CLOSED',	2022,	'4203003242',	'Giáo dục Quốc phòng và An ninh 1 '),
('420300324222102',	80,	1,	'CLOSED',	2022,	'4203003242',	'Giáo dục Quốc phòng và An ninh 1 '),
('420300324222103',	80,	1,	'WAITING',	2022,	'4203003242',	'Giáo dục Quốc phòng và An ninh 1 '),
('420300324222104',	60,	1,	'OPENED',	2022,	'4203003242',	'Giáo dục Quốc phòng và An ninh 1 '),
('420300324223101',	60,	1,	'WAITING',	2023,	'4203003242',	'Giáo dục Quốc phòng và An ninh 1 '),
('420300324223102',	60,	1,	'WAITING',	2023,	'4203003242',	'Giáo dục Quốc phòng và An ninh 1 '),
('420300324223103',	80,	1,	'PLANNING',	2023,	'4203003242',	'Giáo dục Quốc phòng và An ninh 1 '),
('420300324223104',	60,	1,	'OPENED',	2023,	'4203003242',	'Giáo dục Quốc phòng và An ninh 1 '),
('420300324224101',	70,	1,	'CLOSED',	2024,	'4203003242',	'Giáo dục Quốc phòng và An ninh 1 '),
('420300324224102',	80,	1,	'OPENED',	2024,	'4203003242',	'Giáo dục Quốc phòng và An ninh 1 '),
('420300324224103',	70,	1,	'CLOSED',	2024,	'4203003242',	'Giáo dục Quốc phòng và An ninh 1 '),
('420300324521101',	80,	1,	'CLOSED',	2021,	'4203003245',	'Tiếng Việt thực hành'),
('420300324521102',	80,	1,	'CLOSED',	2021,	'4203003245',	'Tiếng Việt thực hành'),
('420300324522101',	60,	1,	'WAITING',	2022,	'4203003245',	'Tiếng Việt thực hành'),
('420300324522102',	70,	1,	'CLOSED',	2022,	'4203003245',	'Tiếng Việt thực hành'),
('420300324523101',	60,	1,	'PLANNING',	2023,	'4203003245',	'Tiếng Việt thực hành'),
('420300324523102',	80,	1,	'OPENED',	2023,	'4203003245',	'Tiếng Việt thực hành'),
('420300324523103',	70,	1,	'PLANNING',	2023,	'4203003245',	'Tiếng Việt thực hành'),
('420300324523104',	80,	1,	'CLOSED',	2023,	'4203003245',	'Tiếng Việt thực hành'),
('420300324524101',	60,	1,	'OPENED',	2024,	'4203003245',	'Tiếng Việt thực hành'),
('420300324524102',	80,	1,	'CLOSED',	2024,	'4203003245',	'Tiếng Việt thực hành'),
('420300325921101',	70,	1,	'OPENED',	2021,	'4203003259',	'Toán cao cấp 1'),
('420300325921102',	80,	1,	'WAITING',	2021,	'4203003259',	'Toán cao cấp 1'),
('420300325922101',	70,	1,	'PLANNING',	2022,	'4203003259',	'Toán cao cấp 1'),
('420300325922102',	80,	1,	'CLOSED',	2022,	'4203003259',	'Toán cao cấp 1'),
('420300325923101',	80,	1,	'WAITING',	2023,	'4203003259',	'Toán cao cấp 1'),
('420300325923102',	60,	1,	'OPENED',	2023,	'4203003259',	'Toán cao cấp 1'),
('420300325924101',	60,	1,	'WAITING',	2024,	'4203003259',	'Toán cao cấp 1'),
('420300325924102',	80,	1,	'CLOSED',	2024,	'4203003259',	'Toán cao cấp 1'),
('420300325924103',	60,	1,	'PLANNING',	2024,	'4203003259',	'Toán cao cấp 1'),
('420300325924104',	80,	1,	'WAITING',	2024,	'4203003259',	'Toán cao cấp 1'),
('420300328521101',	70,	1,	'WAITING',	2021,	'4203003285',	'Kế toán cơ bản'),
('420300328521102',	60,	1,	'OPENED',	2021,	'4203003285',	'Kế toán cơ bản'),
('420300328521103',	80,	1,	'PLANNING',	2021,	'4203003285',	'Kế toán cơ bản'),
('420300328522101',	80,	1,	'OPENED',	2022,	'4203003285',	'Kế toán cơ bản'),
('420300328522102',	80,	1,	'WAITING',	2022,	'4203003285',	'Kế toán cơ bản'),
('420300328522103',	70,	1,	'OPENED',	2022,	'4203003285',	'Kế toán cơ bản'),
('420300328523101',	80,	1,	'PLANNING',	2023,	'4203003285',	'Kế toán cơ bản'),
('420300328524101',	70,	1,	'CLOSED',	2024,	'4203003285',	'Kế toán cơ bản'),
('420300328524102',	70,	1,	'WAITING',	2024,	'4203003285',	'Kế toán cơ bản'),
('420300328524103',	60,	1,	'PLANNING',	2024,	'4203003285',	'Kế toán cơ bản'),
('420300328821101',	70,	1,	'CLOSED',	2021,	'4203003288',	'Toán cao cấp 2'),
('420300328821102',	60,	1,	'CLOSED',	2021,	'4203003288',	'Toán cao cấp 2'),
('420300328822101',	60,	1,	'PLANNING',	2022,	'4203003288',	'Toán cao cấp 2'),
('420300328822102',	80,	1,	'WAITING',	2022,	'4203003288',	'Toán cao cấp 2'),
('420300328823101',	70,	1,	'OPENED',	2023,	'4203003288',	'Toán cao cấp 2'),
('420300328823102',	60,	1,	'CLOSED',	2023,	'4203003288',	'Toán cao cấp 2'),
('420300328823103',	80,	1,	'OPENED',	2023,	'4203003288',	'Toán cao cấp 2'),
('420300328824101',	70,	1,	'WAITING',	2024,	'4203003288',	'Toán cao cấp 2'),
('420300328824102',	60,	1,	'WAITING',	2024,	'4203003288',	'Toán cao cấp 2'),
('420300330621201',	60,	2,	'WAITING',	2021,	'4203003306',	'Giáo dục thể chất 2 '),
('420300330622201',	70,	2,	'PLANNING',	2022,	'4203003306',	'Giáo dục thể chất 2 '),
('420300330622202',	70,	2,	'WAITING',	2022,	'4203003306',	'Giáo dục thể chất 2 '),
('420300330622203',	70,	2,	'WAITING',	2022,	'4203003306',	'Giáo dục thể chất 2 '),
('420300330622204',	60,	2,	'OPENED',	2022,	'4203003306',	'Giáo dục thể chất 2 '),
('420300330623201',	60,	2,	'OPENED',	2023,	'4203003306',	'Giáo dục thể chất 2 '),
('420300330623202',	80,	2,	'WAITING',	2023,	'4203003306',	'Giáo dục thể chất 2 '),
('420300330623203',	80,	2,	'OPENED',	2023,	'4203003306',	'Giáo dục thể chất 2 '),
('420300330623204',	70,	2,	'WAITING',	2023,	'4203003306',	'Giáo dục thể chất 2 '),
('420300330624201',	60,	2,	'OPENED',	2024,	'4203003306',	'Giáo dục thể chất 2 '),
('420300330721101',	80,	1,	'OPENED',	2021,	'4203003307',	'Giáo dục thể chất 1'),
('420300330722101',	60,	1,	'CLOSED',	2022,	'4203003307',	'Giáo dục thể chất 1'),
('420300330722102',	70,	1,	'CLOSED',	2022,	'4203003307',	'Giáo dục thể chất 1'),
('420300330723101',	70,	1,	'CLOSED',	2023,	'4203003307',	'Giáo dục thể chất 1'),
('420300330723102',	70,	1,	'CLOSED',	2023,	'4203003307',	'Giáo dục thể chất 1'),
('420300330723103',	80,	1,	'OPENED',	2023,	'4203003307',	'Giáo dục thể chất 1'),
('420300330723104',	80,	1,	'OPENED',	2023,	'4203003307',	'Giáo dục thể chất 1'),
('420300330724101',	80,	1,	'OPENED',	2024,	'4203003307',	'Giáo dục thể chất 1'),
('420300330724102',	60,	1,	'WAITING',	2024,	'4203003307',	'Giáo dục thể chất 1'),
('420300330724103',	60,	1,	'WAITING',	2024,	'4203003307',	'Giáo dục thể chất 1'),
('420300330724104',	60,	1,	'WAITING',	2024,	'4203003307',	'Giáo dục thể chất 1'),
('420300332021201',	80,	2,	'OPENED',	2021,	'4203003320',	'Phương pháp tính'),
('420300332021202',	80,	2,	'WAITING',	2021,	'4203003320',	'Phương pháp tính'),
('420300332021203',	80,	2,	'CLOSED',	2021,	'4203003320',	'Phương pháp tính'),
('420300332021204',	60,	2,	'WAITING',	2021,	'4203003320',	'Phương pháp tính'),
('420300332022201',	80,	2,	'CLOSED',	2022,	'4203003320',	'Phương pháp tính'),
('420300332022202',	70,	2,	'PLANNING',	2022,	'4203003320',	'Phương pháp tính'),
('420300332022203',	80,	2,	'CLOSED',	2022,	'4203003320',	'Phương pháp tính'),
('420300332023201',	60,	2,	'PLANNING',	2023,	'4203003320',	'Phương pháp tính'),
('420300332024201',	60,	2,	'WAITING',	2024,	'4203003320',	'Phương pháp tính'),
('420300332024202',	70,	2,	'CLOSED',	2024,	'4203003320',	'Phương pháp tính'),
('420300332024203',	60,	2,	'WAITING',	2024,	'4203003320',	'Phương pháp tính'),
('420300332024204',	80,	2,	'PLANNING',	2024,	'4203003320',	'Phương pháp tính'),
('420300332521101',	80,	1,	'PLANNING',	2021,	'4203003325',	'Tâm lý học đại cương'),
('420300332521102',	70,	1,	'CLOSED',	2021,	'4203003325',	'Tâm lý học đại cương'),
('420300332522101',	70,	1,	'WAITING',	2022,	'4203003325',	'Tâm lý học đại cương'),
('420300332523101',	60,	1,	'OPENED',	2023,	'4203003325',	'Tâm lý học đại cương'),
('420300332524101',	80,	1,	'OPENED',	2024,	'4203003325',	'Tâm lý học đại cương'),
('420300334521201',	60,	2,	'WAITING',	2021,	'4203003345',	'Vật lý đại cương'),
('420300334521202',	60,	2,	'PLANNING',	2021,	'4203003345',	'Vật lý đại cương'),
('420300334522201',	70,	2,	'OPENED',	2022,	'4203003345',	'Vật lý đại cương'),
('420300334522202',	70,	2,	'PLANNING',	2022,	'4203003345',	'Vật lý đại cương'),
('420300334522203',	80,	2,	'OPENED',	2022,	'4203003345',	'Vật lý đại cương'),
('420300334523201',	80,	2,	'WAITING',	2023,	'4203003345',	'Vật lý đại cương'),
('420300334523202',	80,	2,	'CLOSED',	2023,	'4203003345',	'Vật lý đại cương'),
('420300334523203',	60,	2,	'CLOSED',	2023,	'4203003345',	'Vật lý đại cương'),
('420300334524201',	60,	2,	'WAITING',	2024,	'4203003345',	'Vật lý đại cương'),
('420300334524202',	70,	2,	'PLANNING',	2024,	'4203003345',	'Vật lý đại cương'),
('420300334524203',	80,	2,	'WAITING',	2024,	'4203003345',	'Vật lý đại cương'),
('420300334721201',	70,	2,	'CLOSED',	2021,	'4203003347',	'Những vấn đề xã hội và đạo đức nghề nghiệp'),
('420300334721202',	70,	2,	'WAITING',	2021,	'4203003347',	'Những vấn đề xã hội và đạo đức nghề nghiệp'),
('420300334722201',	70,	2,	'OPENED',	2022,	'4203003347',	'Những vấn đề xã hội và đạo đức nghề nghiệp'),
('420300334722202',	70,	2,	'WAITING',	2022,	'4203003347',	'Những vấn đề xã hội và đạo đức nghề nghiệp'),
('420300334723201',	80,	2,	'CLOSED',	2023,	'4203003347',	'Những vấn đề xã hội và đạo đức nghề nghiệp'),
('420300334724201',	70,	2,	'CLOSED',	2024,	'4203003347',	'Những vấn đề xã hội và đạo đức nghề nghiệp'),
('420300334724202',	80,	2,	'WAITING',	2024,	'4203003347',	'Những vấn đề xã hội và đạo đức nghề nghiệp'),
('420300334724203',	70,	2,	'CLOSED',	2024,	'4203003347',	'Những vấn đề xã hội và đạo đức nghề nghiệp'),
('420300335421201',	60,	2,	'WAITING',	2021,	'4203003354',	'Giáo dục quốc phòng và an ninh 2'),
('420300335421202',	70,	2,	'WAITING',	2021,	'4203003354',	'Giáo dục quốc phòng và an ninh 2'),
('420300335422201',	80,	2,	'PLANNING',	2022,	'4203003354',	'Giáo dục quốc phòng và an ninh 2'),
('420300335422202',	60,	2,	'PLANNING',	2022,	'4203003354',	'Giáo dục quốc phòng và an ninh 2'),
('420300335422203',	80,	2,	'PLANNING',	2022,	'4203003354',	'Giáo dục quốc phòng và an ninh 2'),
('420300335422204',	60,	2,	'CLOSED',	2022,	'4203003354',	'Giáo dục quốc phòng và an ninh 2'),
('420300335423201',	70,	2,	'WAITING',	2023,	'4203003354',	'Giáo dục quốc phòng và an ninh 2'),
('420300335423202',	60,	2,	'OPENED',	2023,	'4203003354',	'Giáo dục quốc phòng và an ninh 2'),
('420300335423203',	60,	2,	'CLOSED',	2023,	'4203003354',	'Giáo dục quốc phòng và an ninh 2'),
('420300335423204',	80,	2,	'CLOSED',	2023,	'4203003354',	'Giáo dục quốc phòng và an ninh 2'),
('420300335424201',	80,	2,	'CLOSED',	2024,	'4203003354',	'Giáo dục quốc phòng và an ninh 2'),
('420300335424202',	80,	2,	'OPENED',	2024,	'4203003354',	'Giáo dục quốc phòng và an ninh 2'),
('420300335424203',	80,	2,	'OPENED',	2024,	'4203003354',	'Giáo dục quốc phòng và an ninh 2'),
('420300335424204',	70,	2,	'WAITING',	2024,	'4203003354',	'Giáo dục quốc phòng và an ninh 2'),
('420300339521201',	80,	2,	'CLOSED',	2021,	'4203003395',	'Logic học'),
('420300339521202',	60,	2,	'WAITING',	2021,	'4203003395',	'Logic học'),
('420300339521203',	70,	2,	'PLANNING',	2021,	'4203003395',	'Logic học'),
('420300339522201',	70,	2,	'CLOSED',	2022,	'4203003395',	'Logic học'),
('420300339522202',	60,	2,	'WAITING',	2022,	'4203003395',	'Logic học'),
('420300339522203',	60,	2,	'CLOSED',	2022,	'4203003395',	'Logic học'),
('420300339522204',	60,	2,	'PLANNING',	2022,	'4203003395',	'Logic học'),
('420300339523201',	70,	2,	'WAITING',	2023,	'4203003395',	'Logic học'),
('420300339524201',	60,	2,	'PLANNING',	2024,	'4203003395',	'Logic học'),
('420300339524202',	60,	2,	'CLOSED',	2024,	'4203003395',	'Logic học'),
('420300339524203',	60,	2,	'WAITING',	2024,	'4203003395',	'Logic học'),
('420300343621201',	80,	2,	'CLOSED',	2021,	'4203003436',	'Thương mại điện tử'),
('420300343621202',	80,	2,	'OPENED',	2021,	'4203003436',	'Thương mại điện tử'),
('420300343621203',	70,	2,	'PLANNING',	2021,	'4203003436',	'Thương mại điện tử'),
('420300343622201',	80,	2,	'OPENED',	2022,	'4203003436',	'Thương mại điện tử'),
('420300343623201',	80,	2,	'PLANNING',	2023,	'4203003436',	'Thương mại điện tử'),
('420300343623202',	70,	2,	'OPENED',	2023,	'4203003436',	'Thương mại điện tử'),
('420300343623203',	60,	2,	'WAITING',	2023,	'4203003436',	'Thương mại điện tử'),
('420300343624201',	60,	2,	'WAITING',	2024,	'4203003436',	'Thương mại điện tử'),
('420300343624202',	60,	2,	'WAITING',	2024,	'4203003436',	'Thương mại điện tử'),
('420300344221201',	70,	2,	'CLOSED',	2021,	'4203003442',	'Lập trình GUI với Qt Framework'),
('420300344221202',	80,	2,	'OPENED',	2021,	'4203003442',	'Lập trình GUI với Qt Framework'),
('420300344221203',	60,	2,	'PLANNING',	2021,	'4203003442',	'Lập trình GUI với Qt Framework'),
('420300344222201',	60,	2,	'WAITING',	2022,	'4203003442',	'Lập trình GUI với Qt Framework'),
('420300344222202',	60,	2,	'WAITING',	2022,	'4203003442',	'Lập trình GUI với Qt Framework'),
('420300344222203',	80,	2,	'WAITING',	2022,	'4203003442',	'Lập trình GUI với Qt Framework'),
('420300344223201',	70,	2,	'PLANNING',	2023,	'4203003442',	'Lập trình GUI với Qt Framework'),
('420300344223202',	60,	2,	'PLANNING',	2023,	'4203003442',	'Lập trình GUI với Qt Framework'),
('420300344224201',	70,	2,	'OPENED',	2024,	'4203003442',	'Lập trình GUI với Qt Framework'),
('420300344224202',	60,	2,	'WAITING',	2024,	'4203003442',	'Lập trình GUI với Qt Framework'),
('420300344224203',	80,	2,	'WAITING',	2024,	'4203003442',	'Lập trình GUI với Qt Framework'),
('420300344224204',	70,	2,	'PLANNING',	2024,	'4203003442',	'Lập trình GUI với Qt Framework'),
('420300344321201',	60,	2,	'OPENED',	2021,	'4203003443',	'Khai thác dữ liệu và ứng dụng'),
('420300344321202',	80,	2,	'CLOSED',	2021,	'4203003443',	'Khai thác dữ liệu và ứng dụng'),
('420300344321203',	60,	2,	'CLOSED',	2021,	'4203003443',	'Khai thác dữ liệu và ứng dụng'),
('420300344322201',	60,	2,	'OPENED',	2022,	'4203003443',	'Khai thác dữ liệu và ứng dụng'),
('420300344323201',	70,	2,	'WAITING',	2023,	'4203003443',	'Khai thác dữ liệu và ứng dụng'),
('420300344323202',	70,	2,	'OPENED',	2023,	'4203003443',	'Khai thác dữ liệu và ứng dụng'),
('420300344323203',	80,	2,	'OPENED',	2023,	'4203003443',	'Khai thác dữ liệu và ứng dụng'),
('420300344324201',	70,	2,	'WAITING',	2024,	'4203003443',	'Khai thác dữ liệu và ứng dụng'),
('420300344324202',	70,	2,	'WAITING',	2024,	'4203003443',	'Khai thác dữ liệu và ứng dụng'),
('420300344324203',	70,	2,	'OPENED',	2024,	'4203003443',	'Khai thác dữ liệu và ứng dụng'),
('420300344324204',	80,	2,	'CLOSED',	2024,	'4203003443',	'Khai thác dữ liệu và ứng dụng'),
('420300345121201',	60,	2,	'OPENED',	2021,	'4203003451',	'Thống kê máy tính và ứng dụng'),
('420300345121202',	60,	2,	'PLANNING',	2021,	'4203003451',	'Thống kê máy tính và ứng dụng'),
('420300345121203',	80,	2,	'WAITING',	2021,	'4203003451',	'Thống kê máy tính và ứng dụng'),
('420300345122201',	80,	2,	'PLANNING',	2022,	'4203003451',	'Thống kê máy tính và ứng dụng'),
('420300345122202',	80,	2,	'PLANNING',	2022,	'4203003451',	'Thống kê máy tính và ứng dụng'),
('420300345123201',	60,	2,	'OPENED',	2023,	'4203003451',	'Thống kê máy tính và ứng dụng'),
('420300345123202',	80,	2,	'WAITING',	2023,	'4203003451',	'Thống kê máy tính và ứng dụng'),
('420300345124201',	60,	2,	'CLOSED',	2024,	'4203003451',	'Thống kê máy tính và ứng dụng'),
('420300345124202',	60,	2,	'CLOSED',	2024,	'4203003451',	'Thống kê máy tính và ứng dụng'),
('420300345124203',	80,	2,	'WAITING',	2024,	'4203003451',	'Thống kê máy tính và ứng dụng'),
('420300345124204',	80,	2,	'OPENED',	2024,	'4203003451',	'Thống kê máy tính và ứng dụng'),
('420300345321201',	60,	2,	'OPENED',	2021,	'4203003453',	'Tiếp thị điện tử'),
('420300345322201',	60,	2,	'CLOSED',	2022,	'4203003453',	'Tiếp thị điện tử'),
('420300345322202',	80,	2,	'CLOSED',	2022,	'4203003453',	'Tiếp thị điện tử'),
('420300345323201',	80,	2,	'WAITING',	2023,	'4203003453',	'Tiếp thị điện tử'),
('420300345323202',	80,	2,	'WAITING',	2023,	'4203003453',	'Tiếp thị điện tử'),
('420300345324201',	60,	2,	'OPENED',	2024,	'4203003453',	'Tiếp thị điện tử'),
('420300345324202',	60,	2,	'WAITING',	2024,	'4203003453',	'Tiếp thị điện tử'),
('420300345324203',	80,	2,	'PLANNING',	2024,	'4203003453',	'Tiếp thị điện tử'),
('420300350121101',	70,	1,	'OPENED',	2021,	'4203003501',	'Phát triển ứng dụng'),
('420300350121102',	60,	1,	'OPENED',	2021,	'4203003501',	'Phát triển ứng dụng'),
('420300350121103',	70,	1,	'OPENED',	2021,	'4203003501',	'Phát triển ứng dụng'),
('420300350122101',	80,	1,	'PLANNING',	2022,	'4203003501',	'Phát triển ứng dụng'),
('420300350122102',	60,	1,	'WAITING',	2022,	'4203003501',	'Phát triển ứng dụng'),
('420300350122103',	60,	1,	'PLANNING',	2022,	'4203003501',	'Phát triển ứng dụng'),
('420300350123101',	80,	1,	'OPENED',	2023,	'4203003501',	'Phát triển ứng dụng'),
('420300350124101',	60,	1,	'PLANNING',	2024,	'4203003501',	'Phát triển ứng dụng'),
('420300350124102',	80,	1,	'WAITING',	2024,	'4203003501',	'Phát triển ứng dụng'),
('420300350124103',	70,	1,	'OPENED',	2024,	'4203003501',	'Phát triển ứng dụng'),
('420300359121101',	60,	1,	'CLOSED',	2021,	'4203003591',	'Lập trình hướng đối tượng'),
('420300359122101',	60,	1,	'PLANNING',	2022,	'4203003591',	'Lập trình hướng đối tượng'),
('420300359123101',	60,	1,	'PLANNING',	2023,	'4203003591',	'Lập trình hướng đối tượng'),
('420300359123102',	60,	1,	'PLANNING',	2023,	'4203003591',	'Lập trình hướng đối tượng'),
('420300359124101',	80,	1,	'WAITING',	2024,	'4203003591',	'Lập trình hướng đối tượng'),
('420300359124102',	80,	1,	'WAITING',	2024,	'4203003591',	'Lập trình hướng đối tượng'),
('420300359221101',	70,	1,	'OPENED',	2021,	'4203003592',	'Đảm bảo chất lượng và Kiểm thử phần mềm'),
('420300359221102',	60,	1,	'PLANNING',	2021,	'4203003592',	'Đảm bảo chất lượng và Kiểm thử phần mềm'),
('420300359222101',	60,	1,	'OPENED',	2022,	'4203003592',	'Đảm bảo chất lượng và Kiểm thử phần mềm'),
('420300359223101',	80,	1,	'OPENED',	2023,	'4203003592',	'Đảm bảo chất lượng và Kiểm thử phần mềm'),
('420300359223102',	80,	1,	'CLOSED',	2023,	'4203003592',	'Đảm bảo chất lượng và Kiểm thử phần mềm'),
('420300359223103',	60,	1,	'WAITING',	2023,	'4203003592',	'Đảm bảo chất lượng và Kiểm thử phần mềm'),
('420300359223104',	70,	1,	'PLANNING',	2023,	'4203003592',	'Đảm bảo chất lượng và Kiểm thử phần mềm'),
('420300359224101',	60,	1,	'WAITING',	2024,	'4203003592',	'Đảm bảo chất lượng và Kiểm thử phần mềm'),
('420300359224102',	70,	1,	'PLANNING',	2024,	'4203003592',	'Đảm bảo chất lượng và Kiểm thử phần mềm'),
('420300359224103',	80,	1,	'OPENED',	2024,	'4203003592',	'Đảm bảo chất lượng và Kiểm thử phần mềm'),
('420300362121101',	60,	1,	'OPENED',	2021,	'4203003621',	'Lập trình WWW (Java)'),
('420300362121102',	80,	1,	'WAITING',	2021,	'4203003621',	'Lập trình WWW (Java)'),
('420300362121103',	70,	1,	'CLOSED',	2021,	'4203003621',	'Lập trình WWW (Java)'),
('420300362122101',	80,	1,	'WAITING',	2022,	'4203003621',	'Lập trình WWW (Java)'),
('420300362122102',	60,	1,	'WAITING',	2022,	'4203003621',	'Lập trình WWW (Java)'),
('420300362122103',	70,	1,	'PLANNING',	2022,	'4203003621',	'Lập trình WWW (Java)'),
('420300362122104',	60,	1,	'PLANNING',	2022,	'4203003621',	'Lập trình WWW (Java)'),
('420300362123101',	60,	1,	'CLOSED',	2023,	'4203003621',	'Lập trình WWW (Java)'),
('420300362123102',	80,	1,	'PLANNING',	2023,	'4203003621',	'Lập trình WWW (Java)'),
('420300362123103',	80,	1,	'PLANNING',	2023,	'4203003621',	'Lập trình WWW (Java)'),
('420300362124101',	80,	1,	'PLANNING',	2024,	'4203003621',	'Lập trình WWW (Java)'),
('420300362124102',	60,	1,	'PLANNING',	2024,	'4203003621',	'Lập trình WWW (Java)'),
('420300362124103',	80,	1,	'PLANNING',	2024,	'4203003621',	'Lập trình WWW (Java)'),
('420300375321201',	70,	2,	'OPENED',	2021,	'4203003753',	'Phân tích thiết kế hệ thống'),
('420300375321202',	70,	2,	'WAITING',	2021,	'4203003753',	'Phân tích thiết kế hệ thống'),
('420300375321203',	70,	2,	'OPENED',	2021,	'4203003753',	'Phân tích thiết kế hệ thống'),
('420300375322201',	60,	2,	'CLOSED',	2022,	'4203003753',	'Phân tích thiết kế hệ thống'),
('420300375323201',	80,	2,	'CLOSED',	2023,	'4203003753',	'Phân tích thiết kế hệ thống'),
('420300375323202',	80,	2,	'OPENED',	2023,	'4203003753',	'Phân tích thiết kế hệ thống'),
('420300375323203',	80,	2,	'OPENED',	2023,	'4203003753',	'Phân tích thiết kế hệ thống'),
('420300375323204',	80,	2,	'OPENED',	2023,	'4203003753',	'Phân tích thiết kế hệ thống'),
('420300375324201',	70,	2,	'WAITING',	2024,	'4203003753',	'Phân tích thiết kế hệ thống'),
('420300375324202',	60,	2,	'CLOSED',	2024,	'4203003753',	'Phân tích thiết kế hệ thống'),
('420300375324203',	80,	2,	'OPENED',	2024,	'4203003753',	'Phân tích thiết kế hệ thống'),
('420300375821201',	80,	2,	'PLANNING',	2021,	'4203003758',	'Kiến trúc hướng dịch vụ và Điện toán đám mây'),
('420300375821202',	70,	2,	'OPENED',	2021,	'4203003758',	'Kiến trúc hướng dịch vụ và Điện toán đám mây'),
('420300375821203',	80,	2,	'WAITING',	2021,	'4203003758',	'Kiến trúc hướng dịch vụ và Điện toán đám mây'),
('420300375822201',	60,	2,	'PLANNING',	2022,	'4203003758',	'Kiến trúc hướng dịch vụ và Điện toán đám mây'),
('420300375822202',	60,	2,	'OPENED',	2022,	'4203003758',	'Kiến trúc hướng dịch vụ và Điện toán đám mây'),
('420300375822203',	80,	2,	'WAITING',	2022,	'4203003758',	'Kiến trúc hướng dịch vụ và Điện toán đám mây'),
('420300375823201',	60,	2,	'WAITING',	2023,	'4203003758',	'Kiến trúc hướng dịch vụ và Điện toán đám mây'),
('420300375823202',	60,	2,	'OPENED',	2023,	'4203003758',	'Kiến trúc hướng dịch vụ và Điện toán đám mây'),
('420300375824201',	70,	2,	'PLANNING',	2024,	'4203003758',	'Kiến trúc hướng dịch vụ và Điện toán đám mây'),
('420300375824202',	70,	2,	'OPENED',	2024,	'4203003758',	'Kiến trúc hướng dịch vụ và Điện toán đám mây'),
('420300377321201',	80,	2,	'WAITING',	2021,	'4203003773',	'Lập trình mạng với Qt Framework'),
('420300377321202',	80,	2,	'PLANNING',	2021,	'4203003773',	'Lập trình mạng với Qt Framework'),
('420300377322201',	60,	2,	'CLOSED',	2022,	'4203003773',	'Lập trình mạng với Qt Framework'),
('420300377322202',	80,	2,	'PLANNING',	2022,	'4203003773',	'Lập trình mạng với Qt Framework'),
('420300377322203',	80,	2,	'OPENED',	2022,	'4203003773',	'Lập trình mạng với Qt Framework'),
('420300377322204',	70,	2,	'CLOSED',	2022,	'4203003773',	'Lập trình mạng với Qt Framework'),
('420300377323201',	80,	2,	'PLANNING',	2023,	'4203003773',	'Lập trình mạng với Qt Framework'),
('420300377324201',	60,	2,	'CLOSED',	2024,	'4203003773',	'Lập trình mạng với Qt Framework'),
('420300377324202',	80,	2,	'CLOSED',	2024,	'4203003773',	'Lập trình mạng với Qt Framework'),
('420300377324203',	70,	2,	'PLANNING',	2024,	'4203003773',	'Lập trình mạng với Qt Framework'),
('420300377324204',	70,	2,	'CLOSED',	2024,	'4203003773',	'Lập trình mạng với Qt Framework'),
('420300377421101',	70,	1,	'CLOSED',	2021,	'4203003774',	'Phát triển ứng dụng Web với Qt Engine'),
('420300377422101',	80,	1,	'PLANNING',	2022,	'4203003774',	'Phát triển ứng dụng Web với Qt Engine'),
('420300377423101',	60,	1,	'CLOSED',	2023,	'4203003774',	'Phát triển ứng dụng Web với Qt Engine'),
('420300377423102',	70,	1,	'CLOSED',	2023,	'4203003774',	'Phát triển ứng dụng Web với Qt Engine'),
('420300377423103',	80,	1,	'CLOSED',	2023,	'4203003774',	'Phát triển ứng dụng Web với Qt Engine'),
('420300377424101',	80,	1,	'CLOSED',	2024,	'4203003774',	'Phát triển ứng dụng Web với Qt Engine'),
('420300377521201',	70,	2,	'WAITING',	2021,	'4203003775',	'Lập trình thiết bị di động nâng cao'),
('420300377521202',	60,	2,	'OPENED',	2021,	'4203003775',	'Lập trình thiết bị di động nâng cao'),
('420300377521203',	70,	2,	'WAITING',	2021,	'4203003775',	'Lập trình thiết bị di động nâng cao'),
('420300377521204',	70,	2,	'WAITING',	2021,	'4203003775',	'Lập trình thiết bị di động nâng cao'),
('420300377522201',	70,	2,	'CLOSED',	2022,	'4203003775',	'Lập trình thiết bị di động nâng cao'),
('420300377523201',	70,	2,	'CLOSED',	2023,	'4203003775',	'Lập trình thiết bị di động nâng cao'),
('420300377523202',	60,	2,	'CLOSED',	2023,	'4203003775',	'Lập trình thiết bị di động nâng cao'),
('420300377523203',	80,	2,	'CLOSED',	2023,	'4203003775',	'Lập trình thiết bị di động nâng cao'),
('420300377524201',	70,	2,	'OPENED',	2024,	'4203003775',	'Lập trình thiết bị di động nâng cao'),
('420300377524202',	80,	2,	'OPENED',	2024,	'4203003775',	'Lập trình thiết bị di động nâng cao'),
('420300377524203',	80,	2,	'PLANNING',	2024,	'4203003775',	'Lập trình thiết bị di động nâng cao'),
('420300377524204',	60,	2,	'PLANNING',	2024,	'4203003775',	'Lập trình thiết bị di động nâng cao'),
('420300384821101',	60,	1,	'OPENED',	2021,	'4203003848',	'Nhập môn Lập trình'),
('420300384821102',	80,	1,	'CLOSED',	2021,	'4203003848',	'Nhập môn Lập trình'),
('420300384822101',	60,	1,	'CLOSED',	2022,	'4203003848',	'Nhập môn Lập trình'),
('420300384822102',	60,	1,	'WAITING',	2022,	'4203003848',	'Nhập môn Lập trình'),
('420300384822103',	80,	1,	'PLANNING',	2022,	'4203003848',	'Nhập môn Lập trình'),
('420300384822104',	60,	1,	'CLOSED',	2022,	'4203003848',	'Nhập môn Lập trình'),
('420300384823101',	80,	1,	'WAITING',	2023,	'4203003848',	'Nhập môn Lập trình'),
('420300384823102',	60,	1,	'CLOSED',	2023,	'4203003848',	'Nhập môn Lập trình'),
('420300384823103',	70,	1,	'PLANNING',	2023,	'4203003848',	'Nhập môn Lập trình'),
('420300384824101',	70,	1,	'PLANNING',	2024,	'4203003848',	'Nhập môn Lập trình'),
('420300384824102',	80,	1,	'OPENED',	2024,	'4203003848',	'Nhập môn Lập trình'),
('420300405621201',	60,	2,	'CLOSED',	2021,	'4203004056',	'Quản lý dự án CNTT'),
('420300405621202',	80,	2,	'CLOSED',	2021,	'4203004056',	'Quản lý dự án CNTT'),
('420300405622201',	80,	2,	'WAITING',	2022,	'4203004056',	'Quản lý dự án CNTT'),
('420300405622202',	70,	2,	'WAITING',	2022,	'4203004056',	'Quản lý dự án CNTT'),
('420300405622203',	60,	2,	'CLOSED',	2022,	'4203004056',	'Quản lý dự án CNTT'),
('420300405623201',	70,	2,	'WAITING',	2023,	'4203004056',	'Quản lý dự án CNTT'),
('420300405623202',	60,	2,	'WAITING',	2023,	'4203004056',	'Quản lý dự án CNTT'),
('420300405624201',	60,	2,	'CLOSED',	2024,	'4203004056',	'Quản lý dự án CNTT'),
('420300405624202',	70,	2,	'OPENED',	2024,	'4203004056',	'Quản lý dự án CNTT'),
('420300405624203',	70,	2,	'CLOSED',	2024,	'4203004056',	'Quản lý dự án CNTT'),
('420300414721101',	80,	1,	'WAITING',	2021,	'4203004147',	'Lập trình WWW (.NET)'),
('420300414722101',	60,	1,	'OPENED',	2022,	'4203004147',	'Lập trình WWW (.NET)'),
('420300414723101',	60,	1,	'WAITING',	2023,	'4203004147',	'Lập trình WWW (.NET)'),
('420300414723102',	80,	1,	'WAITING',	2023,	'4203004147',	'Lập trình WWW (.NET)'),
('420300414723103',	80,	1,	'PLANNING',	2023,	'4203004147',	'Lập trình WWW (.NET)'),
('420300414724101',	60,	1,	'OPENED',	2024,	'4203004147',	'Lập trình WWW (.NET)'),
('420300432321101',	80,	1,	'CLOSED',	2021,	'4203004323',	'Lập trình IoTs'),
('420300432321102',	70,	1,	'PLANNING',	2021,	'4203004323',	'Lập trình IoTs'),
('420300432321103',	80,	1,	'WAITING',	2021,	'4203004323',	'Lập trình IoTs'),
('420300432321104',	70,	1,	'OPENED',	2021,	'4203004323',	'Lập trình IoTs'),
('420300432322101',	70,	1,	'OPENED',	2022,	'4203004323',	'Lập trình IoTs'),
('420300432322102',	60,	1,	'OPENED',	2022,	'4203004323',	'Lập trình IoTs'),
('420300432322103',	80,	1,	'CLOSED',	2022,	'4203004323',	'Lập trình IoTs'),
('420300432322104',	80,	1,	'PLANNING',	2022,	'4203004323',	'Lập trình IoTs'),
('420300432323101',	60,	1,	'WAITING',	2023,	'4203004323',	'Lập trình IoTs'),
('420300432323102',	70,	1,	'CLOSED',	2023,	'4203004323',	'Lập trình IoTs'),
('420300432323103',	80,	1,	'WAITING',	2023,	'4203004323',	'Lập trình IoTs'),
('420300432324101',	80,	1,	'OPENED',	2024,	'4203004323',	'Lập trình IoTs'),
('420300432324102',	60,	1,	'WAITING',	2024,	'4203004323',	'Lập trình IoTs'),
('420300432324103',	80,	1,	'WAITING',	2024,	'4203004323',	'Lập trình IoTs'),
('420301066521101',	70,	1,	'CLOSED',	2021,	'4203010665',	'Cơ sở văn hóa Việt Nam'),
('420301066521102',	60,	1,	'PLANNING',	2021,	'4203010665',	'Cơ sở văn hóa Việt Nam'),
('420301066521103',	80,	1,	'WAITING',	2021,	'4203010665',	'Cơ sở văn hóa Việt Nam'),
('420301066522101',	80,	1,	'WAITING',	2022,	'4203010665',	'Cơ sở văn hóa Việt Nam'),
('420301066522102',	60,	1,	'PLANNING',	2022,	'4203010665',	'Cơ sở văn hóa Việt Nam'),
('420301066522103',	80,	1,	'OPENED',	2022,	'4203010665',	'Cơ sở văn hóa Việt Nam'),
('420301066522104',	70,	1,	'WAITING',	2022,	'4203010665',	'Cơ sở văn hóa Việt Nam'),
('420301066523101',	80,	1,	'WAITING',	2023,	'4203010665',	'Cơ sở văn hóa Việt Nam'),
('420301066523102',	80,	1,	'PLANNING',	2023,	'4203010665',	'Cơ sở văn hóa Việt Nam'),
('420301066523103',	60,	1,	'CLOSED',	2023,	'4203010665',	'Cơ sở văn hóa Việt Nam'),
('420301066523104',	80,	1,	'CLOSED',	2023,	'4203010665',	'Cơ sở văn hóa Việt Nam'),
('420301066524101',	70,	1,	'PLANNING',	2024,	'4203010665',	'Cơ sở văn hóa Việt Nam'),
('420301066524102',	60,	1,	'OPENED',	2024,	'4203010665',	'Cơ sở văn hóa Việt Nam'),
('420301066524103',	80,	1,	'CLOSED',	2024,	'4203010665',	'Cơ sở văn hóa Việt Nam'),
('420301416421101',	80,	1,	'CLOSED',	2021,	'4203014164',	'Triết học Mác - Lênin'),
('420301416422101',	60,	1,	'PLANNING',	2022,	'4203014164',	'Triết học Mác - Lênin'),
('420301416423101',	70,	1,	'OPENED',	2023,	'4203014164',	'Triết học Mác - Lênin'),
('420301416423102',	60,	1,	'PLANNING',	2023,	'4203014164',	'Triết học Mác - Lênin'),
('420301416424101',	70,	1,	'WAITING',	2024,	'4203014164',	'Triết học Mác - Lênin'),
('420301416424102',	80,	1,	'CLOSED',	2024,	'4203014164',	'Triết học Mác - Lênin'),
('420301416424103',	70,	1,	'WAITING',	2024,	'4203014164',	'Triết học Mác - Lênin'),
('420301416521101',	80,	1,	'WAITING',	2021,	'4203014165',	'Kinh tế chính trị Mác - Lênin'),
('420301416521102',	70,	1,	'CLOSED',	2021,	'4203014165',	'Kinh tế chính trị Mác - Lênin'),
('420301416521103',	80,	1,	'CLOSED',	2021,	'4203014165',	'Kinh tế chính trị Mác - Lênin'),
('420301416521104',	80,	1,	'OPENED',	2021,	'4203014165',	'Kinh tế chính trị Mác - Lênin'),
('420301416522101',	70,	1,	'WAITING',	2022,	'4203014165',	'Kinh tế chính trị Mác - Lênin'),
('420301416522102',	60,	1,	'OPENED',	2022,	'4203014165',	'Kinh tế chính trị Mác - Lênin'),
('420301416523101',	60,	1,	'PLANNING',	2023,	'4203014165',	'Kinh tế chính trị Mác - Lênin'),
('420301416523102',	80,	1,	'CLOSED',	2023,	'4203014165',	'Kinh tế chính trị Mác - Lênin'),
('420301416524101',	60,	1,	'PLANNING',	2024,	'4203014165',	'Kinh tế chính trị Mác - Lênin'),
('420301416524102',	60,	1,	'WAITING',	2024,	'4203014165',	'Kinh tế chính trị Mác - Lênin'),
('420301416524103',	70,	1,	'CLOSED',	2024,	'4203014165',	'Kinh tế chính trị Mác - Lênin'),
('420301416621201',	60,	2,	'CLOSED',	2021,	'4203014166',	'Hệ quản trị cơ sở dữ liệu NoSQL MongoDB'),
('420301416621202',	60,	2,	'OPENED',	2021,	'4203014166',	'Hệ quản trị cơ sở dữ liệu NoSQL MongoDB'),
('420301416621203',	60,	2,	'WAITING',	2021,	'4203014166',	'Hệ quản trị cơ sở dữ liệu NoSQL MongoDB'),
('420301416622201',	60,	2,	'WAITING',	2022,	'4203014166',	'Hệ quản trị cơ sở dữ liệu NoSQL MongoDB'),
('420301416622202',	60,	2,	'OPENED',	2022,	'4203014166',	'Hệ quản trị cơ sở dữ liệu NoSQL MongoDB'),
('420301416623201',	60,	2,	'OPENED',	2023,	'4203014166',	'Hệ quản trị cơ sở dữ liệu NoSQL MongoDB'),
('420301416624201',	80,	2,	'WAITING',	2024,	'4203014166',	'Hệ quản trị cơ sở dữ liệu NoSQL MongoDB'),
('420301416624202',	80,	2,	'CLOSED',	2024,	'4203014166',	'Hệ quản trị cơ sở dữ liệu NoSQL MongoDB'),
('420301416624203',	60,	2,	'PLANNING',	2024,	'4203014166',	'Hệ quản trị cơ sở dữ liệu NoSQL MongoDB'),
('420301416721101',	70,	1,	'CLOSED',	2021,	'4203014167',	'Chủ nghĩa xã hội khoa học'),
('420301416721102',	70,	1,	'OPENED',	2021,	'4203014167',	'Chủ nghĩa xã hội khoa học'),
('420301416721103',	80,	1,	'OPENED',	2021,	'4203014167',	'Chủ nghĩa xã hội khoa học'),
('420301416722101',	60,	1,	'CLOSED',	2022,	'4203014167',	'Chủ nghĩa xã hội khoa học'),
('420301416722102',	70,	1,	'WAITING',	2022,	'4203014167',	'Chủ nghĩa xã hội khoa học'),
('420301416723101',	80,	1,	'PLANNING',	2023,	'4203014167',	'Chủ nghĩa xã hội khoa học'),
('420301416724101',	80,	1,	'PLANNING',	2024,	'4203014167',	'Chủ nghĩa xã hội khoa học'),
('420301416724102',	60,	1,	'CLOSED',	2024,	'4203014167',	'Chủ nghĩa xã hội khoa học'),
('420301416821101',	80,	1,	'OPENED',	2021,	'4203014168',	'Mô hình hóa dữ liệu NoSQL MongoDB'),
('420301416821102',	60,	1,	'CLOSED',	2021,	'4203014168',	'Mô hình hóa dữ liệu NoSQL MongoDB'),
('420301416821103',	80,	1,	'CLOSED',	2021,	'4203014168',	'Mô hình hóa dữ liệu NoSQL MongoDB'),
('420301416822101',	80,	1,	'WAITING',	2022,	'4203014168',	'Mô hình hóa dữ liệu NoSQL MongoDB'),
('420301416822102',	80,	1,	'PLANNING',	2022,	'4203014168',	'Mô hình hóa dữ liệu NoSQL MongoDB'),
('420301416822103',	70,	1,	'OPENED',	2022,	'4203014168',	'Mô hình hóa dữ liệu NoSQL MongoDB'),
('420301416823101',	60,	1,	'OPENED',	2023,	'4203014168',	'Mô hình hóa dữ liệu NoSQL MongoDB'),
('420301416823102',	80,	1,	'WAITING',	2023,	'4203014168',	'Mô hình hóa dữ liệu NoSQL MongoDB'),
('420301416824101',	60,	1,	'WAITING',	2024,	'4203014168',	'Mô hình hóa dữ liệu NoSQL MongoDB'),
('420301416824102',	80,	1,	'OPENED',	2024,	'4203014168',	'Mô hình hóa dữ liệu NoSQL MongoDB'),
('420301416824103',	80,	1,	'PLANNING',	2024,	'4203014168',	'Mô hình hóa dữ liệu NoSQL MongoDB'),
('420301416824104',	70,	1,	'PLANNING',	2024,	'4203014168',	'Mô hình hóa dữ liệu NoSQL MongoDB'),
('420301416921101',	60,	1,	'WAITING',	2021,	'4203014169',	'Lịch sử Đảng Cộng sản Việt Nam'),
('420301416921102',	80,	1,	'WAITING',	2021,	'4203014169',	'Lịch sử Đảng Cộng sản Việt Nam'),
('420301416921103',	60,	1,	'PLANNING',	2021,	'4203014169',	'Lịch sử Đảng Cộng sản Việt Nam'),
('420301416922101',	70,	1,	'OPENED',	2022,	'4203014169',	'Lịch sử Đảng Cộng sản Việt Nam'),
('420301416922102',	70,	1,	'WAITING',	2022,	'4203014169',	'Lịch sử Đảng Cộng sản Việt Nam'),
('420301416922103',	70,	1,	'WAITING',	2022,	'4203014169',	'Lịch sử Đảng Cộng sản Việt Nam'),
('420301416923101',	60,	1,	'WAITING',	2023,	'4203014169',	'Lịch sử Đảng Cộng sản Việt Nam'),
('420301416923102',	80,	1,	'CLOSED',	2023,	'4203014169',	'Lịch sử Đảng Cộng sản Việt Nam'),
('420301416923103',	70,	1,	'WAITING',	2023,	'4203014169',	'Lịch sử Đảng Cộng sản Việt Nam'),
('420301416923104',	80,	1,	'CLOSED',	2023,	'4203014169',	'Lịch sử Đảng Cộng sản Việt Nam'),
('420301416924101',	60,	1,	'OPENED',	2024,	'4203014169',	'Lịch sử Đảng Cộng sản Việt Nam'),
('420301416924102',	70,	1,	'OPENED',	2024,	'4203014169',	'Lịch sử Đảng Cộng sản Việt Nam'),
('420301416924103',	60,	1,	'CLOSED',	2024,	'4203014169',	'Lịch sử Đảng Cộng sản Việt Nam'),
('420301416924104',	60,	1,	'CLOSED',	2024,	'4203014169',	'Lịch sử Đảng Cộng sản Việt Nam'),
('420301417021101',	80,	1,	'CLOSED',	2021,	'4203014170',	'Khóa luận tốt nghiệp'),
('420301417022101',	60,	1,	'OPENED',	2022,	'4203014170',	'Khóa luận tốt nghiệp'),
('420301417022102',	80,	1,	'OPENED',	2022,	'4203014170',	'Khóa luận tốt nghiệp'),
('420301417022103',	80,	1,	'OPENED',	2022,	'4203014170',	'Khóa luận tốt nghiệp'),
('420301417022104',	80,	1,	'CLOSED',	2022,	'4203014170',	'Khóa luận tốt nghiệp'),
('420301417023101',	70,	1,	'PLANNING',	2023,	'4203014170',	'Khóa luận tốt nghiệp'),
('420301417023102',	60,	1,	'PLANNING',	2023,	'4203014170',	'Khóa luận tốt nghiệp'),
('420301417023103',	70,	1,	'CLOSED',	2023,	'4203014170',	'Khóa luận tốt nghiệp'),
('420301417023104',	70,	1,	'OPENED',	2023,	'4203014170',	'Khóa luận tốt nghiệp'),
('420301417024101',	60,	1,	'CLOSED',	2024,	'4203014170',	'Khóa luận tốt nghiệp'),
('420301419321101',	80,	1,	'PLANNING',	2021,	'4203014193',	'Kỹ năng sử dụng bàn phím và thiết bị văn phòng'),
('420301419321102',	70,	1,	'CLOSED',	2021,	'4203014193',	'Kỹ năng sử dụng bàn phím và thiết bị văn phòng'),
('420301419322101',	80,	1,	'PLANNING',	2022,	'4203014193',	'Kỹ năng sử dụng bàn phím và thiết bị văn phòng'),
('420301419322102',	60,	1,	'CLOSED',	2022,	'4203014193',	'Kỹ năng sử dụng bàn phím và thiết bị văn phòng'),
('420301419323101',	80,	1,	'OPENED',	2023,	'4203014193',	'Kỹ năng sử dụng bàn phím và thiết bị văn phòng'),
('420301419324101',	60,	1,	'CLOSED',	2024,	'4203014193',	'Kỹ năng sử dụng bàn phím và thiết bị văn phòng'),
('420301419324102',	70,	1,	'OPENED',	2024,	'4203014193',	'Kỹ năng sử dụng bàn phím và thiết bị văn phòng'),
('420301419324103',	60,	1,	'PLANNING',	2024,	'4203014193',	'Kỹ năng sử dụng bàn phím và thiết bị văn phòng'),
('420301419324104',	70,	1,	'WAITING',	2024,	'4203014193',	'Kỹ năng sử dụng bàn phím và thiết bị văn phòng'),
('420301525321101',	60,	1,	'CLOSED',	2021,	'4203015253',	'Tiếng Anh 1'),
('420301525321102',	80,	1,	'PLANNING',	2021,	'4203015253',	'Tiếng Anh 1'),
('420301525321103',	60,	1,	'CLOSED',	2021,	'4203015253',	'Tiếng Anh 1'),
('420301525322101',	60,	1,	'OPENED',	2022,	'4203015253',	'Tiếng Anh 1'),
('420301525322102',	80,	1,	'WAITING',	2022,	'4203015253',	'Tiếng Anh 1'),
('420301525322103',	80,	1,	'OPENED',	2022,	'4203015253',	'Tiếng Anh 1'),
('420301525323101',	60,	1,	'OPENED',	2023,	'4203015253',	'Tiếng Anh 1'),
('420301525324101',	60,	1,	'OPENED',	2024,	'4203015253',	'Tiếng Anh 1'),
('420301525324102',	60,	1,	'WAITING',	2024,	'4203015253',	'Tiếng Anh 1'),
('420301525324103',	80,	1,	'CLOSED',	2024,	'4203015253',	'Tiếng Anh 1'),
('420301525421101',	70,	1,	'PLANNING',	2021,	'4203015254',	'Tiếng Anh 2'),
('420301525421102',	60,	1,	'CLOSED',	2021,	'4203015254',	'Tiếng Anh 2'),
('420301525422101',	80,	1,	'WAITING',	2022,	'4203015254',	'Tiếng Anh 2'),
('420301525422102',	70,	1,	'WAITING',	2022,	'4203015254',	'Tiếng Anh 2'),
('420301525422103',	60,	1,	'PLANNING',	2022,	'4203015254',	'Tiếng Anh 2'),
('420301525423101',	80,	1,	'CLOSED',	2023,	'4203015254',	'Tiếng Anh 2'),
('420301525424101',	70,	1,	'PLANNING',	2024,	'4203015254',	'Tiếng Anh 2'),
('420301525424102',	80,	1,	'PLANNING',	2024,	'4203015254',	'Tiếng Anh 2'),
('420301525424103',	60,	1,	'CLOSED',	2024,	'4203015254',	'Tiếng Anh 2'),
('420301525424104',	80,	1,	'CLOSED',	2024,	'4203015254',	'Tiếng Anh 2');

DROP TABLE IF EXISTS `enrollments`;
CREATE TABLE `enrollments` (
  `registry_class` varchar(255) NOT NULL,
  `student_id` varchar(255) NOT NULL,
  `created_at` datetime(6) DEFAULT NULL,
  `semester` int NOT NULL,
  `year` int NOT NULL,
  `course_id` varchar(255) NOT NULL,
  PRIMARY KEY (`registry_class`,`student_id`)
) ENGINE=InnoDB DEFAULT CHARSET=utf8mb4 COLLATE=utf8mb4_0900_ai_ci;

DELIMITER //

CREATE PROCEDURE register_class (
    IN p_student_id VARCHAR(255),
    IN p_class_id VARCHAR(255),
    OUT p_status_code int
)
BEGIN
    DECLARE v_max_capacity INT;
    DECLARE v_current_students INT;
    DECLARE v_semester INT;
    DECLARE v_year INT;
    DECLARE v_course_id VARCHAR(255);
    -- Start transaction
    START TRANSACTION;

    -- Get the maximum capacity and status of the class
    SELECT max_capacity, semester, year, course_id year INTO v_max_capacity, v_semester, v_year, v_course_id FROM classes WHERE id = p_class_id FOR UPDATE;

    -- Get the current number of students registered for the class
    -- Check if the class is full
    IF EXISTS (SELECT 1 FROM enrollments WHERE registry_class = p_class_id HAVING COUNT(*) >= v_max_capacity) THEN
        SET p_status_code = 409; -- HTTP status code for class is full
    ELSE
        -- Insert enrollment record
        INSERT INTO enrollments (registry_class, student_id, created_at, semester, year, course_id) VALUES (p_class_id, p_student_id, NOW(), v_semester, v_year, v_course_id);
        SET p_status_code = 201; -- HTTP status code for created
    END IF;

    -- Commit transaction
    COMMIT;
END//

DELIMITER ;

DELIMITER //

CREATE PROCEDURE change_class (
    IN p_student_id VARCHAR(255),
    IN p_old_class_id VARCHAR(255),
    IN p_new_class_id VARCHAR(255),
    OUT p_status_code int
)
BEGIN
    DECLARE v_max_capacity INT;
    DECLARE v_old_course_id VARCHAR(255);
    DECLARE v_new_course_id VARCHAR(255);

    -- Start transaction
    START TRANSACTION;

    -- Get the maximum capacity and status of the new class
    SELECT max_capacity status INTO v_max_capacity FROM classes WHERE id = p_new_class_id FOR UPDATE;
    
    -- Get the current number of students registered for the class
    -- Check if the class is full
    IF EXISTS (SELECT 1 FROM enrollments WHERE registry_class = p_new_class_id HAVING COUNT(*) >= v_max_capacity) THEN
        SET p_status_code = 409; -- HTTP status code for class is full
    ELSE
        -- Update enrollment record
        UPDATE enrollments SET registry_class = p_new_class_id WHERE student_id = p_student_id AND registry_class = p_old_class_id;
        SET p_status_code = 200; -- HTTP status code for successful update
    END IF;

    -- Commit transaction
    COMMIT;
END//

DELIMITER ;